Date,Open,High,Low,Close,Volume,Dividends,Stock Splits,Adj Close
2021-04-05 00:00:00+07:00,5908.630024021375,5946.445256175111,5818.81884765625,5818.81884765625,73311500,0.0,0.0,
2021-04-06 00:00:00+07:00,5799.911037769922,5832.999364798764,5747.915095296026,5828.2724609375,80215000,0.0,0.0,
2021-04-07 00:00:00+07:00,5818.819189453126,5932.264892578125,5799.911572265625,5908.63037109375,107908000,0.0,0.0,
2021-04-08 00:00:00+07:00,5943.52452310004,5957.904017913992,5871.627049030281,5881.21337890625,123697500,86.4,0.0,
2021-04-09 00:00:00+07:00,6053.76670827558,6058.559872731855,5890.799116762222,5943.52392578125,116961000,0.0,0.0,
2021-04-12 00:00:00+07:00,6034.593960125979,6034.593960125979,5809.315234052968,5814.1083984375,110411500,0.0,0.0,
2021-04-13 00:00:00+07:00,5799.728515625,5809.31484375,5732.62421875,5751.796875,119211500,0.0,0.0,
2021-04-14 00:00:00+07:00,5852.45360398803,6044.18017578125,5809.315125334556,6044.18017578125,135519500,0.0,0.0,
2021-04-15 00:00:00+07:00,6044.180667172571,6048.973831857085,5924.351550059713,6020.21484375,102686500,0.0,0.0,
2021-04-16 00:00:00+07:00,6106.491511298555,6106.491511298555,5957.903413299925,6015.42138671875,79293500,0.0,0.0,
2021-04-19 00:00:00+07:00,6015.42158257638,6020.214747184011,5972.283101107705,6010.62841796875,47095000,0.0,0.0,
2021-04-20 00:00:00+07:00,5943.524020148357,5991.455665472134,5929.144526551223,5977.076171875,72721000,0.0,0.0,
2021-04-21 00:00:00+07:00,5943.5238303426595,5967.489652239203,5909.9716796875,5909.9716796875,68397000,0.0,0.0,
2021-04-22 00:00:00+07:00,5943.523827182221,6015.421292833618,5924.351169675181,5957.9033203125,63758000,0.0,0.0,
2021-04-23 00:00:00+07:00,6020.214446400626,6130.457226868153,5967.4896383509395,6125.6640625,108498500,0.0,0.0,
2021-04-26 00:00:00+07:00,6130.4574321300715,6135.2505966587105,6020.21464797136,6025.0078125,108742000,0.0,0.0,
2021-04-27 00:00:00+07:00,6106.491792605874,6168.80293334675,6092.112298588749,6140.0439453125,132650000,0.0,0.0,
2021-04-28 00:00:00+07:00,6135.250692246836,6140.043856850153,6053.766893990432,6058.56005859375,87660000,0.0,0.0,
2021-04-29 00:00:00+07:00,6192.768559257996,6192.768559257996,6096.905268867004,6144.8369140625,57355000,0.0,0.0,
2021-04-30 00:00:00+07:00,6183.182427363876,6183.182427363876,6116.078121950624,6140.0439453125,65829500,0.0,0.0,
2021-05-03 00:00:00+07:00,6211.9410211267605,6211.9410211267605,6082.52558318662,6125.6640625,42065500,0.0,0.0,
2021-05-04 00:00:00+07:00,6087.318843841553,6164.009474945068,6077.732514953613,6135.25048828125,50123500,0.0,0.0,
2021-05-05 00:00:00+07:00,6154.423144151265,6164.009473036236,6135.250486381324,6159.21630859375,51685000,0.0,0.0,
2021-05-06 00:00:00+07:00,6135.250486381324,6183.182130806177,6135.250486381324,6159.21630859375,38115500,0.0,0.0,
2021-05-07 00:00:00+07:00,6192.768461608886,6192.768461608886,6120.8709949493405,6135.25048828125,48864000,0.0,0.0,
2021-05-10 00:00:00+07:00,6135.250681464175,6154.42333984375,6130.457516869281,6154.42333984375,68180500,0.0,0.0,
2021-05-11 00:00:00+07:00,6135.250771604939,6211.941406250001,6044.180642963928,6211.94140625,70680000,0.0,0.0,
2021-05-17 00:00:00+07:00,6231.113769531249,6231.113769531249,6111.284658578726,6231.11376953125,129058500,0.0,0.0,
2021-05-18 00:00:00+07:00,6135.250391236307,6187.975199285994,6101.698240659233,6125.6640625,73563000,0.0,0.0,
2021-05-19 00:00:00+07:00,6116.078031114559,6135.250689519307,6072.939549703877,6082.52587890625,64912500,0.0,0.0,
2021-05-20 00:00:00+07:00,6125.6644543495295,6168.802936422413,6087.319136951411,6116.078125,64950000,0.0,0.0,
2021-05-21 00:00:00+07:00,6183.182730044959,6183.182730044959,6001.042463578518,6096.90576171875,92620000,0.0,0.0,
2021-05-24 00:00:00+07:00,6092.112504631917,6116.078328804348,6029.801361783596,6063.353515625,59210000,0.0,0.0,
2021-05-25 00:00:00+07:00,6039.387977293962,6173.596599011606,6039.387977293962,6092.11279296875,87470000,0.0,0.0,
2021-05-27 00:00:00+07:00,6173.59601462819,6211.9413314892345,6010.62841796875,6010.62841796875,537971500,0.0,0.0,
2021-05-28 00:00:00+07:00,6068.146093133872,6106.491408098383,6068.146093133872,6077.732421875,102108500,0.0,0.0,
2021-05-31 00:00:00+07:00,6096.905174632353,6125.664161305147,6063.353023514093,6111.28466796875,101442000,0.0,0.0,
2021-06-02 00:00:00+07:00,6231.114164914443,6245.493659141169,6154.423529038572,6197.56201171875,141732500,0.0,0.0,
2021-06-03 00:00:00+07:00,6226.320597700639,6326.97705078125,6164.009460079309,6326.97705078125,133810500,0.0,0.0,
2021-06-04 00:00:00+07:00,6346.150004749241,6346.150004749241,6231.11405300152,6307.8046875,62108500,0.0,0.0,
2021-06-07 00:00:00+07:00,6288.632034839203,6298.218364160604,6164.009753660987,6259.873046875,62576000,0.0,0.0,
2021-06-08 00:00:00+07:00,6303.0115410551125,6303.0115410551125,6164.009765625,6164.009765625,64348000,0.0,0.0,
2021-06-09 00:00:00+07:00,6096.905448411178,6264.6662115357,6096.905448411178,6259.873046875,77198000,0.0,0.0,
2021-06-10 00:00:00+07:00,6283.838762819226,6346.149902343749,6221.527623294703,6346.14990234375,73262500,0.0,0.0,
2021-06-11 00:00:00+07:00,6298.218272284342,6307.8046014659,6192.7686512871915,6202.35498046875,72780500,0.0,0.0,
2021-06-14 00:00:00+07:00,6250.28653349259,6250.28653349259,6135.250585023401,6144.8369140625,61478500,0.0,0.0,
2021-06-15 00:00:00+07:00,6178.389157514853,6202.35498046875,6140.043840788616,6202.35498046875,87799000,0.0,0.0,
2021-06-16 00:00:00+07:00,6154.423245399373,6168.80273896339,6096.905271143304,6120.87109375,48984000,0.0,0.0,
2021-06-17 00:00:00+07:00,6125.663967620704,6125.663967620704,6015.421188860708,6068.14599609375,68448500,0.0,0.0,
2021-06-18 00:00:00+07:00,6039.387691452569,6082.526174962944,6020.215032114624,6063.353515625,118043000,0.0,0.0,
2021-06-21 00:00:00+07:00,6039.387703125,6039.387703125,5953.1107359375,5991.4560546875,60823500,0.0,0.0,
2021-06-22 00:00:00+07:00,5991.455463204849,6125.664065580639,5981.869134463722,6077.732421875,65824000,0.0,0.0,
2021-06-23 00:00:00+07:00,6034.593850712907,6077.732329391553,5972.282714843751,5972.28271484375,52451000,0.0,0.0,
2021-06-24 00:00:00+07:00,6048.973642247887,6048.973642247887,5943.524022493962,5953.1103515625,56010000,0.0,0.0,
2021-06-25 00:00:00+07:00,5972.283797897314,6001.042788898425,5933.9384765625,5933.9384765625,68939500,0.0,0.0,
2021-06-28 00:00:00+07:00,5847.660943306152,5895.592590382432,5804.5224609375,5804.5224609375,84420500,0.0,0.0,
2021-06-29 00:00:00+07:00,5799.72919978417,5838.074516807537,5790.142870528329,5794.93603515625,53704000,0.0,0.0,
2021-06-30 00:00:00+07:00,5751.797847510374,5818.902155731327,5751.797847510374,5775.763671875,65795000,0.0,0.0,
2021-07-01 00:00:00+07:00,5809.315825985477,5823.695320604253,5751.797847510374,5775.763671875,58153000,0.0,0.0,
2021-07-02 00:00:00+07:00,5818.902143634733,5886.006451716188,5790.143154456967,5847.6611328125,67392500,0.0,0.0,
2021-07-05 00:00:00+07:00,5847.660741228518,5876.419728480462,5818.901753976575,5857.2470703125,39710500,0.0,0.0,
2021-07-06 00:00:00+07:00,5857.247272721408,5857.247272721408,5804.5224609375,5804.5224609375,34279500,0.0,0.0,
2021-07-07 00:00:00+07:00,5924.351179281739,5924.351179281739,5780.556247745775,5814.1083984375,35595000,0.0,0.0,
2021-07-08 00:00:00+07:00,5751.7977517144645,5790.143070059227,5732.625092542083,5766.17724609375,47297000,0.0,0.0,
2021-07-09 00:00:00+07:00,5761.383885583212,5770.97021484375,5742.2112270621365,5770.97021484375,40707500,0.0,0.0,
2021-07-12 00:00:00+07:00,5818.901364021981,5924.350976879052,5770.969721814222,5914.7646484375,65981500,0.0,0.0,
2021-07-13 00:00:00+07:00,5914.765150854269,5919.558315482191,5766.1770473887245,5794.93603515625,65946500,0.0,0.0,
2021-07-14 00:00:00+07:00,5770.969923831385,5780.556252608514,5732.624608722871,5742.2109375,59321000,0.0,0.0,
2021-07-15 00:00:00+07:00,5751.7972582788225,5862.0400390625,5747.004093896923,5862.0400390625,49724000,0.0,0.0,
2021-07-16 00:00:00+07:00,5914.765044816387,5914.765044816387,5804.522260350603,5857.2470703125,47998500,0.0,0.0,
2021-07-19 00:00:00+07:00,5857.246782466434,5857.246782466434,5756.590332031249,5756.59033203125,47119000,0.0,0.0,
2021-07-21 00:00:00+07:00,5799.729105462251,5866.833409161814,5761.3837890625,5761.3837890625,55009500,0.0,0.0,
2021-07-22 00:00:00+07:00,5862.040424610327,5900.3857421875,5799.729283547421,5900.3857421875,60792000,0.0,0.0,
2021-07-23 00:00:00+07:00,5924.35088125259,5933.9372095394065,5775.762792806934,5785.34912109375,79938000,0.0,0.0,
2021-07-26 00:00:00+07:00,5790.142482176311,5809.315139402061,5756.590332031249,5756.59033203125,48171500,0.0,0.0,
2021-07-27 00:00:00+07:00,5756.590332031249,5809.315139402061,5751.797167724812,5756.59033203125,53107500,0.0,0.0,
2021-07-28 00:00:00+07:00,5756.5908235785955,5761.383988294315,5723.038670568562,5732.625,74133000,0.0,0.0,
2021-07-29 00:00:00+07:00,5804.522560776464,5833.2815495168925,5732.625088925392,5790.14306640625,84605000,0.0,0.0,
2021-07-30 00:00:00+07:00,5790.1428791090875,5847.660854729376,5713.452244948702,5723.03857421875,105685000,0.0,0.0,
2021-08-02 00:00:00+07:00,5809.315439518667,5814.108604072725,5660.727338342859,5713.4521484375,119981500,0.0,0.0,
2021-08-03 00:00:00+07:00,5775.763844303041,5924.351959799634,5737.418524174887,5890.7998046875,110071500,0.0,0.0,
2021-08-04 00:00:00+07:00,5890.799319198708,5895.592483819699,5809.31552064185,5866.83349609375,41112000,0.0,0.0,
2021-08-05 00:00:00+07:00,5914.765409536211,6048.9740249875995,5886.006420510913,6039.3876953125,93768000,0.0,0.0,
2021-08-06 00:00:00+07:00,6096.905292461444,6096.905292461444,5881.212888247007,5905.1787109375,67285000,0.0,0.0,
2021-08-09 00:00:00+07:00,5881.212787849672,5943.52392578125,5852.453801112021,5943.52392578125,52858500,0.0,0.0,
2021-08-10 00:00:00+07:00,5991.456046937004,6039.387695312501,5862.040596323165,6039.3876953125,60446000,0.0,0.0,
2021-08-12 00:00:00+07:00,5866.833761160715,6058.560354662699,5866.833761160715,6039.3876953125,118325500,0.0,0.0,
2021-08-13 00:00:00+07:00,6087.3189398279055,6168.802736660247,6063.353117230158,6144.8369140625,86929000,0.0,0.0,
2021-08-16 00:00:00+07:00,6154.42333984375,6154.42333984375,6044.18055416119,6154.42333984375,69282000,0.0,0.0,
2021-08-18 00:00:00+07:00,6250.286419862689,6480.358312618371,6192.768446673769,6326.97705078125,186354500,0.0,0.0,
2021-08-19 00:00:00+07:00,6326.97705078125,6326.97705078125,6259.87274872751,6326.97705078125,100926000,0.0,0.0,
2021-08-20 00:00:00+07:00,6326.97705078125,6326.97705078125,6240.70009099787,6326.97705078125,120163500,0.0,0.0,
2021-08-23 00:00:00+07:00,6245.4931596168435,6317.390625,6245.4931596168435,6317.390625,68253000,0.0,0.0,
2021-08-24 00:00:00+07:00,6298.21806418679,6326.97705078125,6231.113762133049,6326.97705078125,59561500,0.0,0.0,
2021-08-25 00:00:00+07:00,6326.97705078125,6331.77021521366,6312.59755748402,6326.97705078125,80751500,0.0,0.0,
2021-08-26 00:00:00+07:00,6288.631835937501,6307.804493973896,6202.354874773724,6288.6318359375,74337000,0.0,0.0,
2021-08-27 00:00:00+07:00,6221.527537262385,6259.872853362615,6221.527537262385,6240.7001953125,71572500,0.0,0.0,
2021-08-30 00:00:00+07:00,6259.872168489384,6307.803808370621,6250.285840513137,6293.42431640625,74564500,0.0,0.0,
2021-08-31 00:00:00+07:00,6250.286423544847,6298.218067897185,6245.493259109613,6279.04541015625,115373500,0.0,0.0,
2021-09-01 00:00:00+07:00,6279.0448244418785,6326.976464323115,6264.665332477508,6293.42431640625,67362500,0.0,0.0,
2021-09-02 00:00:00+07:00,6255.079978452911,6303.011625797377,6187.975672170657,6269.45947265625,53257000,0.0,0.0,
2021-09-03 00:00:00+07:00,6288.63173532197,6326.97705078125,6245.4932554302795,6326.97705078125,35764500,0.0,0.0,
2021-09-06 00:00:00+07:00,6326.9770526378325,6331.770217071649,6279.045408299667,6303.01123046875,36780000,0.0,0.0,
2021-09-07 00:00:00+07:00,6322.184084632444,6331.770413797922,6298.21826171875,6298.21826171875,53902000,0.0,0.0,
2021-09-08 00:00:00+07:00,6279.045815793624,6322.184298497549,6154.423532426727,6173.59619140625,77888000,0.0,0.0,
2021-09-09 00:00:00+07:00,6144.836995071109,6298.21826171875,6144.836995071109,6298.21826171875,110074000,0.0,0.0,
2021-09-10 00:00:00+07:00,6226.319825342096,6293.424119071727,6226.319825342096,6250.28564453125,41483500,0.0,0.0,
2021-09-13 00:00:00+07:00,6288.631543192219,6288.631543192219,6255.079393190432,6283.83837890625,29929000,0.0,0.0,
2021-09-14 00:00:00+07:00,6317.390922668783,6322.184087253509,6226.3207955589905,6274.25244140625,51990500,0.0,0.0,
2021-09-15 00:00:00+07:00,6274.252446668712,6279.045611257458,6216.734471603759,6226.32080078125,44514000,0.0,0.0,
2021-09-16 00:00:00+07:00,6307.804400540865,6307.804400540865,6211.941111778846,6231.11376953125,58672500,0.0,0.0,
2021-09-17 00:00:00+07:00,6221.526661504266,6264.665136044742,6211.940333828604,6250.28564453125,117540000,0.0,0.0,
2021-09-20 00:00:00+07:00,6298.218649896783,6317.391309409406,6240.700671358913,6312.59814453125,73157500,0.0,0.0,
2021-09-21 00:00:00+07:00,6240.700490989744,6264.666314687861,6202.355173072756,6221.52783203125,57115500,0.0,0.0,
2021-09-22 00:00:00+07:00,6231.113571760583,6307.804200336098,6231.113571760583,6283.83837890625,68722000,0.0,0.0,
2021-09-23 00:00:00+07:00,6283.838864219226,6317.39101681231,6274.252534906916,6307.8046875,60998500,0.0,0.0,
2021-09-24 00:00:00+07:00,6231.114341602601,6312.59814453125,6231.114341602601,6312.59814453125,60539500,0.0,0.0,
2021-09-27 00:00:00+07:00,6312.597852156156,6322.184181468466,6283.838864219226,6307.8046875,55052500,0.0,0.0,
2021-09-28 00:00:00+07:00,6269.458299882573,6288.630955233895,6231.112989179927,6250.28564453125,80186000,0.0,0.0,
2021-09-29 00:00:00+07:00,6250.2867116261405,6307.804687500001,6245.493546969985,6307.8046875,74079000,0.0,0.0,
2021-09-30 00:00:00+07:00,6326.977022879464,6710.43017578125,6322.183858468192,6710.43017578125,156848000,0.0,0.0,
2021-10-01 00:00:00+07:00,6614.5670043223,6614.5670043223,6432.426753478642,6480.3583984375,103954500,0.0,0.0,
2021-10-04 00:00:00+07:00,6461.185723666487,6672.0849609375,6461.185723666487,6672.0849609375,74719000,0.0,0.0,
2021-10-05 00:00:00+07:00,6624.153900344223,6657.7060546875,6576.222251282397,6657.7060546875,54986500,0.0,0.0,
2021-10-06 00:00:00+07:00,6691.2573160580605,6882.983886718749,6681.670987525025,6882.98388671875,174312000,0.0,0.0,
2021-10-07 00:00:00+07:00,6878.191506156708,6878.191506156708,6787.121374716306,6863.81201171875,107263500,0.0,0.0,
2021-10-08 00:00:00+07:00,6902.157118055557,6998.020411361884,6878.191294728975,6988.43408203125,94643500,0.0,0.0,
2021-10-11 00:00:00+07:00,6940.502342134735,6988.433988143953,6930.916012932891,6954.8818359375,47201000,0.0,0.0,
2021-10-12 00:00:00+07:00,6954.882216156506,7017.193359374999,6945.295886430584,7017.193359375,91067000,0.0,0.0,
2021-10-13 00:00:00+07:00,7093.883292670266,7908.721238449959,7093.883292670266,7213.71240234375,210893300,0.0,5.0,
2021-10-14 00:00:00+07:00,7285.609853830645,7573.199716481855,7285.609853830645,7429.40478515625,138811900,0.0,0.0,
2021-10-15 00:00:00+07:00,7477.336435355392,7549.233901079963,7141.814928640727,7333.54150390625,142378200,0.0,0.0,
2021-10-18 00:00:00+07:00,7333.541512017235,7357.507333951931,7165.780758474357,7213.71240234375,116644300,0.0,0.0,
2021-10-19 00:00:00+07:00,7165.781246744792,7213.712893880208,7045.95212890625,7189.7470703125,134601200,0.0,0.0,
2021-10-21 00:00:00+07:00,7189.746588629645,7237.678232553843,7045.9516568570525,7093.88330078125,106120100,0.0,0.0,
2021-10-22 00:00:00+07:00,7141.81493653966,7237.6782242784475,7117.849114604963,7213.71240234375,96730700,0.0,0.0,
2021-10-25 00:00:00+07:00,7093.883292670266,7213.712402343751,7093.883292670266,7213.71240234375,60329800,0.0,0.0,
2021-10-26 00:00:00+07:00,7285.609868147841,7285.609868147841,7189.746580409053,7213.71240234375,70103000,0.0,0.0,
2021-10-27 00:00:00+07:00,7261.644051161389,7261.644051161389,7117.8491194552225,7141.81494140625,57067000,0.0,0.0,
2021-10-28 00:00:00+07:00,7045.952145127118,7117.849615995762,7045.952145127118,7069.91796875,75271900,0.0,0.0,
2021-10-29 00:00:00+07:00,7141.814939773203,7165.780761718751,7069.91747393656,7165.78076171875,60639200,0.0,0.0,
2021-11-01 00:00:00+07:00,7237.678232553843,7237.678232553843,7093.88330078125,7093.88330078125,38593400,0.0,0.0,
2021-11-02 00:00:00+07:00,7069.917485485338,7117.84912945473,6950.088375561858,6998.02001953125,90535400,0.0,0.0,
2021-11-03 00:00:00+07:00,6998.020501169218,7093.883795705782,6950.088853900935,7045.9521484375,61621500,0.0,0.0,
2021-11-04 00:00:00+07:00,7117.849615995762,7165.781263241524,7069.917968749999,7069.91796875,61081400,0.0,0.0,
2021-11-05 00:00:00+07:00,7165.780763357278,7165.780763357278,7069.917475553168,7141.81494140625,43120400,0.0,0.0,
2021-11-08 00:00:00+07:00,7189.746577196783,7285.60986489274,7141.8149333488045,7261.64404296875,85441700,0.0,0.0,
2021-11-09 00:00:00+07:00,7285.6098585097725,7357.50732421875,7261.64403660678,7357.50732421875,101785800,0.0,0.0,
2021-11-10 00:00:00+07:00,7357.50732581444,7357.50732581444,7261.644038181678,7333.54150390625,47503900,0.0,0.0,
2021-11-11 00:00:00+07:00,7381.473146121743,7429.404789927728,7285.6098585097725,7357.50732421875,55790000,0.0,0.0,
2021-11-12 00:00:00+07:00,7429.404799756022,7429.404799756022,7213.712402343751,7213.71240234375,52590100,0.0,0.0,
2021-11-15 00:00:00+07:00,7309.576188151042,7309.576188151042,7189.7470703125,7189.7470703125,67344200,0.0,0.0,
2021-11-16 00:00:00+07:00,7093.883295882108,7165.780761718751,7021.985830045464,7165.78076171875,98616900,0.0,0.0,
2021-11-17 00:00:00+07:00,7213.872988861385,7286.011718749999,7141.734258972771,7286.01171875,61968100,25.0,0.0,
2021-11-18 00:00:00+07:00,7141.734721415752,7213.873455975507,7117.6884765625,7117.6884765625,78839600,0.0,0.0,
2021-11-19 00:00:00+07:00,7141.7353515625,7165.781598537458,7093.642857612584,7141.7353515625,68203700,0.0,0.0,
2021-11-22 00:00:00+07:00,7141.734659150293,7237.919637724707,7117.688414506689,7189.8271484375,66328300,0.0,0.0,
2021-11-23 00:00:00+07:00,7117.688414506689,7213.873393081104,7117.688414506689,7189.8271484375,43477500,0.0,0.0,
2021-11-24 00:00:00+07:00,7286.012127011915,7286.012127011915,7141.734659150293,7189.8271484375,35181400,0.0,0.0,
2021-11-25 00:00:00+07:00,7165.781598537458,7237.920339462332,7141.7353515625,7141.7353515625,40216100,0.0,0.0,
2021-11-26 00:00:00+07:00,7117.688748389175,7165.781239932346,6973.411273759665,6997.45751953125,113288400,0.0,0.0,
2021-11-29 00:00:00+07:00,6997.457252296242,7141.734721415752,6901.272272883235,7117.6884765625,87907900,0.0,0.0,
2021-11-30 00:00:00+07:00,7045.550011074421,7141.73499416076,6997.45751953125,6997.45751953125,144923700,0.0,0.0,
2021-12-01 00:00:00+07:00,6997.457173386665,7165.780885461259,6997.457173386665,7021.50341796875,76538100,0.0,0.0,
2021-12-02 00:00:00+07:00,7093.641829427083,7213.873046875,7021.503098958334,7213.873046875,66831000,0.0,0.0,
2021-12-03 00:00:00+07:00,7237.919556077861,7237.919556077861,7069.595845471399,7093.64208984375,63283700,0.0,0.0,
2021-12-06 00:00:00+07:00,7165.781173602253,7189.827419151255,7069.59619140625,7069.59619140625,56944100,0.0,0.0,
2021-12-07 00:00:00+07:00,7165.781173602253,7189.827419151255,7069.59619140625,7069.59619140625,51258200,0.0,0.0,
2021-12-08 00:00:00+07:00,7165.781598537458,7189.8278455124155,7117.689104587542,7141.7353515625,74775000,0.0,0.0,
2021-12-09 00:00:00+07:00,7117.688682504252,7165.781173602253,7069.59619140625,7069.59619140625,54886400,0.0,0.0,
2021-12-10 00:00:00+07:00,7045.549601099047,7093.642089843751,6997.457112354344,7093.64208984375,91092400,0.0,0.0,
2021-12-13 00:00:00+07:00,7093.642151715004,7117.688396297089,7021.50341796875,7021.50341796875,59977100,0.0,0.0,
2021-12-14 00:00:00+07:00,7021.50341796875,7093.642151715004,6997.457173386665,7021.50341796875,49763600,0.0,0.0,
2021-12-15 00:00:00+07:00,7021.50341796875,7093.642151715004,6997.457173386665,7021.50341796875,52477600,0.0,0.0,
2021-12-16 00:00:00+07:00,7093.64250261759,7117.688748389175,6997.45751953125,6997.45751953125,95171400,0.0,0.0,
2021-12-17 00:00:00+07:00,7045.549342447917,7213.873046875,7021.503098958334,7213.873046875,107096800,0.0,0.0,
2021-12-20 00:00:00+07:00,7069.595845471399,7117.688334216103,7045.549601099047,7093.64208984375,74753000,0.0,0.0,
2021-12-21 00:00:00+07:00,7045.549601099047,7117.688334216103,7045.549601099047,7093.64208984375,52386100,0.0,0.0,
2021-12-22 00:00:00+07:00,7141.734784956271,7141.734784956271,7045.5498046875,7045.5498046875,33232000,0.0,0.0,
2021-12-23 00:00:00+07:00,7045.549662550834,7069.595907132919,7021.50341796875,7021.50341796875,37136400,0.0,0.0,
2021-12-24 00:00:00+07:00,7021.50341796875,7069.595907132919,7021.50341796875,7021.50341796875,30802100,0.0,0.0,
2021-12-27 00:00:00+07:00,7021.503700308248,7069.59619140625,7021.503700308248,7069.59619140625,20722100,0.0,0.0,
2021-12-28 00:00:00+07:00,7093.642436955251,7117.688682504252,7045.549945857249,7069.59619140625,39343800,0.0,0.0,
2021-12-29 00:00:00+07:00,7069.595907132919,7093.642151715004,7021.50341796875,7021.50341796875,42079500,0.0,0.0,
2021-12-30 00:00:00+07:00,7069.595907132919,7069.595907132919,7021.50341796875,7021.50341796875,49954700,0.0,0.0,
2022-01-03 00:00:00+07:00,7045.5498046875,7117.688539889079,7021.503559620307,7045.5498046875,54287400,0.0,0.0,
2022-01-04 00:00:00+07:00,7045.549742002745,7165.780966269003,7045.549742002745,7117.6884765625,70624000,0.0,0.0,
2022-01-05 00:00:00+07:00,7165.780761718749,7237.9194942192735,7093.642029218225,7165.78076171875,76164900,0.0,0.0,
2022-01-06 00:00:00+07:00,7213.873393081104,7237.919637724707,7141.734659150293,7189.8271484375,63657100,0.0,0.0,
2022-01-07 00:00:00+07:00,7261.965900097018,7406.243368310866,7213.873410692402,7358.15087890625,143433300,0.0,0.0,
2022-01-10 00:00:00+07:00,7286.01186170076,7358.150593004728,7261.96561793277,7310.05810546875,45351900,0.0,0.0,
2022-01-11 00:00:00+07:00,7358.150675984171,7406.243164062499,7334.1044319450075,7406.2431640625,110334600,0.0,0.0,
2022-01-12 00:00:00+07:00,7406.243164062499,7406.243164062499,7358.150675984171,7406.2431640625,62606000,0.0,0.0,
2022-01-13 00:00:00+07:00,7406.243164062499,7454.335652140827,7358.150675984171,7406.2431640625,50025200,0.0,0.0,
2022-01-14 00:00:00+07:00,7406.243524830811,7550.520996093749,7358.151034409832,7550.52099609375,65898700,0.0,0.0,
2022-01-17 00:00:00+07:00,7598.613407258065,7598.613407258065,7406.243447580646,7454.3359375,63902600,0.0,0.0,
2022-01-18 00:00:00+07:00,7478.38224628461,7478.38224628461,7261.966039800489,7382.197265625,71476300,0.0,0.0,
2022-01-19 00:00:00+07:00,7358.151020460098,7430.2897559548055,7286.012284965392,7382.197265625,60389700,0.0,0.0,
2022-01-20 00:00:00+07:00,7430.289833387762,7478.38232421875,7334.104851725784,7478.38232421875,59925500,0.0,0.0,
2022-01-21 00:00:00+07:00,7478.381858969635,7646.70556640625,7406.243127211085,7646.70556640625,63370500,0.0,0.0,
2022-01-24 00:00:00+07:00,7526.473977113382,7550.520219851763,7478.381491636619,7502.427734375,40278300,0.0,0.0,
2022-01-25 00:00:00+07:00,7382.197342556773,7478.38232421875,7334.104851725784,7478.38232421875,106796900,0.0,0.0,
2022-01-26 00:00:00+07:00,7406.243164062499,7454.335652140827,7358.150675984171,7406.2431640625,53350200,0.0,0.0,
2022-01-27 00:00:00+07:00,7334.10403520633,7502.427734375,7334.10403520633,7502.427734375,71945100,0.0,0.0,
2022-01-28 00:00:00+07:00,7502.428569634245,7526.474815049739,7406.243587972267,7478.38232421875,70595000,0.0,0.0,
2022-01-31 00:00:00+07:00,7478.382455494364,7478.382455494364,7334.104980468749,7334.10498046875,68122000,0.0,0.0,
2022-02-02 00:00:00+07:00,7478.381491636619,7502.427734375,7382.196520683093,7502.427734375,65308100,0.0,0.0,
2022-02-03 00:00:00+07:00,7502.42828428398,7526.47452878489,7406.243306280339,7430.28955078125,35100600,0.0,0.0,
2022-02-04 00:00:00+07:00,7454.33579528216,7502.42828428398,7406.243306280339,7430.28955078125,39324700,0.0,0.0,
2022-02-07 00:00:00+07:00,7478.381491636619,7502.427734375,7406.242763421475,7502.427734375,56813200,0.0,0.0,
2022-02-08 00:00:00+07:00,7454.33579528216,7550.5207732858,7430.289550781249,7430.28955078125,61883100,0.0,0.0,
2022-02-09 00:00:00+07:00,7550.520590728184,7646.70556640625,7502.428102889151,7646.70556640625,108922200,0.0,0.0,
2022-02-10 00:00:00+07:00,7646.7058971774195,7646.7058971774195,7454.3359375,7454.3359375,93277000,0.0,0.0,
2022-02-11 00:00:00+07:00,7382.197140824681,7526.474609375,7358.150896066294,7526.474609375,71968800,0.0,0.0,
2022-02-14 00:00:00+07:00,7454.335652140827,7478.381896179992,7406.243164062499,7406.2431640625,57710700,0.0,0.0,
2022-02-15 00:00:00+07:00,7454.335673983135,7574.56689453125,7430.289429873512,7574.56689453125,55617000,0.0,0.0,
2022-02-16 00:00:00+07:00,7550.520731289185,7670.751953125,7526.474486922022,7670.751953125,77055100,0.0,0.0,
2022-02-17 00:00:00+07:00,7550.521277319027,7622.6600156373615,7502.428785106804,7598.61376953125,48704600,0.0,0.0,
2022-02-18 00:00:00+07:00,7646.7059129781155,7646.7059129781155,7550.520932940655,7622.65966796875,56813400,0.0,0.0,
2022-02-21 00:00:00+07:00,7622.659322486734,7670.751810325767,7598.613078567218,7646.70556640625,43821700,0.0,0.0,
2022-02-22 00:00:00+07:00,7598.61376953125,7646.706261743473,7550.521277319027,7598.61376953125,80095500,0.0,0.0,
2022-02-23 00:00:00+07:00,7598.613159937889,7790.983113354037,7574.56691576087,7742.890625,99240300,0.0,0.0,
2022-02-24 00:00:00+07:00,7815.030059814454,7839.076306152345,7622.6600891113285,7694.798828125,124947700,0.0,0.0,
2022-02-25 00:00:00+07:00,7646.705648291926,7863.1218458850935,7622.659404114907,7742.890625,135899900,0.0,0.0,
2022-03-01 00:00:00+07:00,7694.798136645963,7863.1218458850935,7694.798136645963,7742.890625,136616800,0.0,0.0,
2022-03-02 00:00:00+07:00,7911.21439679663,7911.21439679663,7670.751953125,7670.751953125,100301000,0.0,0.0,
2022-03-04 00:00:00+07:00,7670.752507849585,7718.845000061808,7598.61376953125,7598.61376953125,132983400,0.0,0.0,
2022-03-07 00:00:00+07:00,7502.4281402191555,7550.520628297483,7406.243164062499,7406.2431640625,130990900,0.0,0.0,
2022-03-08 00:00:00+07:00,7406.243368310866,7550.520836524714,7358.15087890625,7358.15087890625,119256500,0.0,0.0,
2022-03-09 00:00:00+07:00,7406.243524830811,7646.705976935708,7358.151034409832,7550.52099609375,132814500,0.0,0.0,
2022-03-10 00:00:00+07:00,7622.659667968751,7670.752157987481,7502.428442921925,7622.65966796875,86484000,0.0,0.0,
2022-03-11 00:00:00+07:00,7430.2893711306015,7646.70556640625,7430.2893711306015,7646.70556640625,61053900,0.0,0.0,
2022-03-14 00:00:00+07:00,7742.890767100425,7790.983256337075,7646.705788627129,7766.93701171875,78432100,0.0,0.0,
2022-03-15 00:00:00+07:00,7839.076171874999,7887.168663726993,7766.937434097008,7839.076171875,111214500,0.0,0.0,
2022-03-16 00:00:00+07:00,7959.307192918731,7959.307192918731,7766.937230552115,7887.16845703125,149761300,0.0,0.0,
2022-03-17 00:00:00+07:00,7983.353784179688,7983.353784179688,7694.798828125001,7694.798828125,132439400,0.0,0.0,
2022-03-18 00:00:00+07:00,7694.798753955696,7790.983738380142,7598.61376953125,7598.61376953125,143981700,0.0,0.0,
2022-03-21 00:00:00+07:00,7502.428785106804,7646.706261743473,7502.428785106804,7598.61376953125,85485500,0.0,0.0,
2022-03-22 00:00:00+07:00,7598.613422959385,7646.7059129781155,7574.56717795002,7622.65966796875,60010900,0.0,0.0,
2022-03-23 00:00:00+07:00,7622.6600156373615,7646.706261743473,7526.475031212915,7598.61376953125,82208000,0.0,0.0,
2022-03-24 00:00:00+07:00,7550.520932940655,7646.7059129781155,7502.428442921925,7622.65966796875,95245100,0.0,0.0,
2022-03-25 00:00:00+07:00,7598.613078567218,7646.70556640625,7598.613078567218,7646.70556640625,85101200,0.0,0.0,
2022-03-28 00:00:00+07:00,7641.82307221618,7715.067382812501,7617.408302017406,7715.0673828125,83911500,120.0,0.0,
2022-03-29 00:00:00+07:00,7690.652563010051,7715.067333051353,7641.823022927448,7666.23779296875,62180600,0.0,0.0,
2022-03-30 00:00:00+07:00,7715.067113095238,7715.067113095238,7641.8228050595235,7690.65234375,71430600,0.0,0.0,
2022-03-31 00:00:00+07:00,7739.481984105604,7812.726293103448,7690.652444773707,7788.3115234375,112691900,0.0,0.0,
2022-04-01 00:00:00+07:00,7885.9705506333785,7885.9705506333785,7666.237625073934,7739.48193359375,105575400,0.0,0.0,
2022-04-04 00:00:00+07:00,7739.482153011275,7739.482153011275,7641.82307221618,7715.0673828125,57321200,0.0,0.0,
2022-04-05 00:00:00+07:00,7715.067382812501,7715.067382812501,7666.237842414953,7715.0673828125,48528300,0.0,0.0,
2022-04-06 00:00:00+07:00,7641.8229224420365,7666.237692162298,7568.57861328125,7568.57861328125,119263000,0.0,0.0,
2022-04-07 00:00:00+07:00,7544.1638435609875,7641.8229224420365,7519.749073840726,7568.57861328125,68619400,0.0,0.0,
2022-04-08 00:00:00+07:00,7617.408252886146,7690.652563010051,7592.993482844844,7666.23779296875,69791600,0.0,0.0,
2022-04-11 00:00:00+07:00,7641.8226496131665,7690.652187310376,7544.163574218749,7544.16357421875,62776200,0.0,0.0,
2022-04-12 00:00:00+07:00,7544.163409893329,7617.40771484375,7519.7486415765225,7617.40771484375,73471300,0.0,0.0,
2022-04-13 00:00:00+07:00,7617.40771484375,7666.237251477363,7568.578178210136,7617.40771484375,57622100,0.0,0.0,
2022-04-14 00:00:00+07:00,7617.408101663961,7617.408101663961,7519.7490234375,7519.7490234375,93342900,0.0,0.0,
2022-04-18 00:00:00+07:00,7519.7490234375,7544.163792994115,7446.504714767654,7519.7490234375,68464700,0.0,0.0,
2022-04-19 00:00:00+07:00,7519.749193135245,7519.749193135245,7446.504882812499,7446.5048828125,98632000,0.0,0.0,
2022-04-20 00:00:00+07:00,7544.163741766239,7544.163741766239,7446.504664202921,7470.91943359375,124388800,0.0,0.0,
2022-04-21 00:00:00+07:00,7617.408086060725,7739.481933593749,7568.578547047515,7739.48193359375,129323400,0.0,0.0,
2022-04-22 00:00:00+07:00,7666.237574404762,7739.4818824404765,7617.408035714286,7690.65234375,85956100,0.0,0.0,
2022-04-25 00:00:00+07:00,7690.6527099609375,7812.7265625,7641.823168945312,7812.7265625,91279600,0.0,0.0,
2022-04-26 00:00:00+07:00,7739.482131911058,7934.80029296875,7739.482131911058,7934.80029296875,128360900,0.0,0.0,
2022-04-27 00:00:00+07:00,7885.970585520675,8008.04443359375,7885.970585520675,8008.04443359375,89463100,0.0,0.0,
2022-04-28 00:00:00+07:00,8056.874143629808,8056.874143629808,7885.9707527043265,7934.80029296875,133730600,0.0,0.0,
2022-05-09 00:00:00+07:00,7690.652305201481,7715.0670744243425,7422.089843750001,7422.08984375,456796600,0.0,0.0,
2022-05-10 00:00:00+07:00,7080.283235568937,7422.090012458471,7080.283235568937,7348.845703125,268445700,0.0,0.0,
2022-05-11 00:00:00+07:00,7348.845586639604,7519.748972375409,7275.601278467117,7470.91943359375,156535200,0.0,0.0,
2022-05-12 00:00:00+07:00,7348.845948104596,7373.260718696306,7104.6982421875,7104.6982421875,240529600,0.0,0.0,
2022-05-13 00:00:00+07:00,7080.283036476109,7300.015958297782,7080.283036476109,7153.52734375,212968600,0.0,0.0,
2022-05-17 00:00:00+07:00,7104.698121766786,7300.016283189928,7104.698121766786,7226.77197265625,159657600,0.0,0.0,
2022-05-18 00:00:00+07:00,7324.430499690595,7397.674804687501,7202.356658029084,7397.6748046875,153514300,0.0,0.0,
2022-05-19 00:00:00+07:00,7226.771536807886,7300.015842924182,7202.356768102453,7275.60107421875,140908900,0.0,0.0,
2022-05-20 00:00:00+07:00,7251.186742834142,7300.016283189928,7226.77197265625,7226.77197265625,86520200,0.0,0.0,
2022-05-23 00:00:00+07:00,7275.601241393009,7300.0160106594285,7177.942164327331,7202.35693359375,71603500,0.0,0.0,
2022-05-24 00:00:00+07:00,7153.527612802933,7300.016232860331,7153.527612802933,7177.9423828125,108710800,0.0,0.0,
2022-05-25 00:00:00+07:00,7226.77170286017,7275.601241393009,7177.942164327331,7202.35693359375,76747400,0.0,0.0,
2022-05-27 00:00:00+07:00,7348.845268022897,7397.674804687501,7300.015731358293,7397.6748046875,84336900,0.0,0.0,
2022-05-30 00:00:00+07:00,7397.674804687501,7422.089573019803,7300.015731358293,7397.6748046875,105411400,0.0,0.0,
2022-05-31 00:00:00+07:00,7422.089994959677,7568.57861328125,7348.845685798891,7568.57861328125,286292700,0.0,0.0,
2022-06-02 00:00:00+07:00,7446.504341352104,7495.333878016709,7348.845268022897,7397.6748046875,149226300,0.0,0.0,
2022-06-03 00:00:00+07:00,7422.089843750001,7495.334151418586,7397.675074527138,7422.08984375,80563100,0.0,0.0,
2022-06-06 00:00:00+07:00,7373.260149040478,7397.6749177459105,7251.186305513318,7275.60107421875,81140300,0.0,0.0,
2022-06-07 00:00:00+07:00,7129.1126257944925,7300.0160106594285,7129.1126257944925,7202.35693359375,129242500,0.0,0.0,
2022-06-08 00:00:00+07:00,7324.430766858553,7422.089843750001,7251.1864591899675,7422.08984375,108910500,0.0,0.0,
2022-06-09 00:00:00+07:00,7324.4306640625,7397.674970703125,7324.4306640625,7324.4306640625,107828300,0.0,0.0,
2022-06-10 00:00:00+07:00,7226.771922831632,7275.601462850765,7177.942382812499,7177.9423828125,111768600,0.0,0.0,
2022-06-13 00:00:00+07:00,7129.112842793366,7226.771922831632,7104.698072783801,7177.9423828125,85539500,0.0,0.0,
2022-06-14 00:00:00+07:00,7129.112891944678,7226.77197265625,7080.283351588893,7226.77197265625,80865100,0.0,0.0,
2022-06-15 00:00:00+07:00,7129.112574658703,7202.356881932595,7129.112574658703,7153.52734375,130367100,0.0,0.0,
2022-06-16 00:00:00+07:00,7226.771426361387,7422.089573019803,7202.356658029084,7397.6748046875,132666300,0.0,0.0,
2022-06-17 00:00:00+07:00,7251.186357421875,7373.260201822916,7251.186357421875,7324.4306640625,117839400,0.0,0.0,
2022-06-20 00:00:00+07:00,7422.090112704917,7470.919652920082,7324.43103227459,7446.5048828125,88138700,0.0,0.0,
2022-06-21 00:00:00+07:00,7422.089894812092,7470.919433593751,7373.260356030433,7470.91943359375,44295700,0.0,0.0,
2022-06-22 00:00:00+07:00,7446.504508463541,7470.91927734375,7324.4306640625,7324.4306640625,53041800,0.0,0.0,
2022-06-23 00:00:00+07:00,7275.601393791528,7397.675242680648,7275.601393791528,7348.845703125,60443000,0.0,0.0,
2022-06-24 00:00:00+07:00,7422.089961329431,7422.089961329431,7300.01611328125,7300.01611328125,57956600,0.0,0.0,
2022-06-27 00:00:00+07:00,7300.016232860331,7324.431002869897,7177.942382812499,7177.9423828125,76354100,0.0,0.0,
2022-06-28 00:00:00+07:00,7129.11279296875,7226.771872324486,7129.11279296875,7129.11279296875,146078100,0.0,0.0,
2022-06-29 00:00:00+07:00,7153.527783370919,7226.772095146048,7104.6982421875,7104.6982421875,98517800,0.0,0.0,
2022-06-30 00:00:00+07:00,7129.112742456897,7226.77182112069,7080.283203125001,7080.283203125,101343900,0.0,0.0,
2022-07-01 00:00:00+07:00,7129.112742456897,7153.527512122845,7080.283203125001,7080.283203125,68738800,0.0,0.0,
2022-07-04 00:00:00+07:00,7080.283497478945,7104.6982681599075,6836.1357906693265,6884.96533203125,102238600,0.0,0.0,
2022-07-05 00:00:00+07:00,6933.794585129311,7153.527512122845,6933.794585129311,7080.283203125,69172900,0.0,0.0,
2022-07-06 00:00:00+07:00,7129.11279296875,7153.527562807683,7007.03894377408,7129.11279296875,66801100,0.0,0.0,
2022-07-07 00:00:00+07:00,7055.868279255612,7080.283048387984,6933.79443359375,6933.79443359375,86126800,0.0,0.0,
2022-07-08 00:00:00+07:00,6958.209254124782,7007.038792750219,6909.3797154993445,6982.6240234375,64312400,0.0,0.0,
2022-07-11 00:00:00+07:00,7031.453782894737,7031.453782894737,6958.20947265625,6958.20947265625,36830800,0.0,0.0,
2022-07-12 00:00:00+07:00,7007.0390625,7080.283373257839,6982.624292247387,7007.0390625,34269000,0.0,0.0,
2022-07-13 00:00:00+07:00,6933.794328962053,6958.209097726004,6836.13525390625,6836.13525390625,71988200,0.0,0.0,
2022-07-14 00:00:00+07:00,6860.550292968751,6933.794602146353,6836.135523242883,6860.55029296875,83316300,0.0,0.0,
2022-07-15 00:00:00+07:00,6933.794328962053,6933.794328962053,6836.13525390625,6836.13525390625,57419900,0.0,0.0,
2022-07-18 00:00:00+07:00,6860.550176873908,6982.624023437501,6860.550176873908,6982.6240234375,60077700,0.0,0.0,
2022-07-19 00:00:00+07:00,6933.79475174216,7007.0390625,6933.79475174216,7007.0390625,59641000,0.0,0.0,
2022-07-20 00:00:00+07:00,7031.453811233107,7226.77197265625,7007.039041055215,7226.77197265625,105792900,0.0,0.0,
2022-07-21 00:00:00+07:00,7226.77197265625,7226.77197265625,7080.283351588893,7226.77197265625,64337100,0.0,0.0,
2022-07-22 00:00:00+07:00,7226.7716510238915,7226.7716510238915,7129.112574658703,7153.52734375,38956500,0.0,0.0,
2022-07-25 00:00:00+07:00,7177.942332646618,7202.357102485552,7129.11279296875,7129.11279296875,31247600,0.0,0.0,
2022-07-26 00:00:00+07:00,7080.2832532908815,7202.357102485552,7080.2832532908815,7129.11279296875,44379900,0.0,0.0,
2022-07-27 00:00:00+07:00,7153.527343750001,7177.942112841298,7104.697805567406,7153.52734375,58465500,0.0,0.0,
2022-07-28 00:00:00+07:00,7202.3571528220655,7275.601462850765,7153.527612802933,7177.9423828125,86909700,0.0,0.0,
2022-07-29 00:00:00+07:00,7226.771922831632,7300.016232860331,7177.942382812499,7177.9423828125,131553000,0.0,0.0,
2022-08-01 00:00:00+07:00,7177.94205078125,7324.4306640625,7177.94205078125,7324.4306640625,104841600,0.0,0.0,
2022-08-02 00:00:00+07:00,7422.089843750001,7446.504612972863,7324.430766858553,7422.08984375,106466900,0.0,0.0,
2022-08-03 00:00:00+07:00,7446.504882812499,7446.504882812499,7397.675342597336,7446.5048828125,60170600,0.0,0.0,
2022-08-04 00:00:00+07:00,7495.333873259715,7617.40771484375,7470.919104942908,7617.40771484375,164221000,0.0,0.0,
2022-08-05 00:00:00+07:00,7641.8228050595235,7690.65234375,7544.163727678571,7690.65234375,118734200,0.0,0.0,
2022-08-08 00:00:00+07:00,7690.65234375,7739.4818824404765,7568.57849702381,7690.65234375,84328900,0.0,0.0,
2022-08-09 00:00:00+07:00,7690.652612613727,7788.311693408822,7690.652612613727,7715.0673828125,92875800,0.0,0.0,
2022-08-10 00:00:00+07:00,7617.408302017406,7715.067382812501,7544.163991421085,7715.0673828125,104376300,0.0,0.0,
2022-08-11 00:00:00+07:00,7666.237409099844,7763.896484375001,7641.822640281054,7763.896484375,73204700,0.0,0.0,
2022-08-12 00:00:00+07:00,7739.481933593749,7788.311472606959,7666.237625073934,7739.48193359375,59381200,0.0,0.0,
2022-08-15 00:00:00+07:00,7763.896484375001,7788.31125319379,7715.066946737422,7763.896484375,81411000,0.0,0.0,
2022-08-16 00:00:00+07:00,7763.8967537715525,7788.311523437501,7666.237675107759,7788.3115234375,83556700,0.0,0.0,
2022-08-18 00:00:00+07:00,7715.06748046875,7837.141333007812,7690.6527099609375,7812.7265625,86136900,0.0,0.0,
2022-08-19 00:00:00+07:00,7861.556004005143,7861.556004005143,7715.067382812501,7715.0673828125,58194900,0.0,0.0,
2022-08-22 00:00:00+07:00,7666.237939453125,7812.7265625,7641.823168945312,7812.7265625,97293300,0.0,0.0,
2022-08-23 00:00:00+07:00,7812.726463607596,7812.726463607596,7715.067382812501,7715.0673828125,71671800,0.0,0.0,
2022-08-24 00:00:00+07:00,7763.896484375001,7837.140790831369,7715.066946737422,7763.896484375,108892400,0.0,0.0,
2022-08-25 00:00:00+07:00,7812.726393188854,7910.3854731037145,7715.067313273993,7885.970703125,99503500,0.0,0.0,
2022-08-26 00:00:00+07:00,7837.141333007812,7934.8004150390625,7812.7265625,7812.7265625,80472400,0.0,0.0,
2022-08-29 00:00:00+07:00,7812.726706288345,7959.215332031251,7763.897164374042,7959.21533203125,57762100,0.0,0.0,
2022-08-30 00:00:00+07:00,7910.385088159404,8081.288469693712,7885.970319368788,7983.62939453125,124467000,0.0,0.0,
2022-08-31 00:00:00+07:00,7885.970585520675,8032.459203208365,7861.555815906059,8008.04443359375,137659900,0.0,0.0,
2022-09-01 00:00:00+07:00,7959.215332031251,8056.874415859855,7934.800561074099,7959.21533203125,74960800,0.0,0.0,
2022-09-02 00:00:00+07:00,7959.215161355432,8032.45947265625,7959.215161355432,8032.45947265625,71430600,0.0,0.0,
2022-09-05 00:00:00+07:00,8032.459036005948,8105.703343325151,8008.044266899547,8081.28857421875,62906000,0.0,0.0,
2022-09-06 00:00:00+07:00,8105.703343325151,8154.5328815379535,8056.873805112349,8081.28857421875,67079900,0.0,0.0,
2022-09-07 00:00:00+07:00,8056.873906833022,8178.94775390625,8056.873906833022,8178.94775390625,117931700,0.0,0.0,
2022-09-08 00:00:00+07:00,8203.362743263473,8301.021823540419,8154.533203124999,8154.533203125,132777400,0.0,0.0,
2022-09-09 00:00:00+07:00,8301.021600979477,8301.021600979477,8081.288676247667,8178.94775390625,91234600,0.0,0.0,
2022-09-12 00:00:00+07:00,8130.118215076959,8227.777292735542,8130.118215076959,8178.94775390625,52395300,0.0,0.0,
2022-09-13 00:00:00+07:00,8178.947904256782,8374.266063164407,8178.947904256782,8325.4365234375,124485200,0.0,0.0,
2022-09-14 00:00:00+07:00,8178.947639016544,8447.510098805147,8178.947639016544,8301.021484375,116642400,0.0,0.0,
2022-09-15 00:00:00+07:00,8301.021261160715,8667.242787388393,8301.021261160715,8545.1689453125,190404800,0.0,0.0,
2022-09-16 00:00:00+07:00,8496.340086446007,8520.754856809357,8252.1923828125,8252.1923828125,363127600,0.0,0.0,
2022-09-19 00:00:00+07:00,8276.607345669256,8545.16982591221,8252.192574738077,8447.5107421875,102530600,0.0,0.0,
2022-09-20 00:00:00+07:00,8349.8515625,8447.51064510234,8349.8515625,8349.8515625,89238400,0.0,0.0,
2022-09-21 00:00:00+07:00,8325.436964186947,8398.681277654867,8227.777879563053,8276.607421875,90933700,0.0,0.0,
2022-09-22 00:00:00+07:00,8178.948337251106,8325.436964186947,8178.948337251106,8276.607421875,61908500,0.0,0.0,
2022-09-23 00:00:00+07:00,8178.94775390625,8276.606831564832,8178.94775390625,8178.94775390625,60567600,0.0,0.0,
2022-09-26 00:00:00+07:00,8008.044417655787,8301.021652448071,8008.044417655787,8227.77734375,106228200,0.0,0.0,
2022-09-27 00:00:00+07:00,8178.947923039816,8252.192232798381,8105.70361328125,8105.70361328125,89567100,0.0,0.0,
2022-09-28 00:00:00+07:00,8056.873856278153,8227.777241108295,8056.873856278153,8130.1181640625,89153400,0.0,0.0,
2022-09-29 00:00:00+07:00,8130.118215076959,8252.192062150187,8130.118215076959,8178.94775390625,62643700,0.0,0.0,
2022-09-30 00:00:00+07:00,8178.948167945907,8374.266333150585,8081.289085343567,8349.8515625,176524800,0.0,0.0,
2022-10-03 00:00:00+07:00,8252.191946231616,8325.43625344669,8252.191946231616,8301.021484375,115079600,0.0,0.0,
2022-10-04 00:00:00+07:00,8325.436791849415,8423.095874451754,8325.436791849415,8349.8515625,80524500,0.0,0.0,
2022-10-05 00:00:00+07:00,8325.436693902553,8349.851464265903,8227.77761244915,8252.1923828125,63788000,0.0,0.0,
2022-10-06 00:00:00+07:00,8276.606882882048,8301.021652448071,8227.77734375,8227.77734375,43967400,0.0,0.0,
2022-10-07 00:00:00+07:00,8130.118281666825,8178.947820896055,8008.04443359375,8008.04443359375,112043400,0.0,0.0,
2022-10-10 00:00:00+07:00,7959.214993764119,8178.947923039816,7934.800223844597,8105.70361328125,80238200,0.0,0.0,
2022-10-11 00:00:00+07:00,8008.044483901515,8105.7035629734855,7959.214944365531,8056.8740234375,64060000,0.0,0.0,
2022-10-12 00:00:00+07:00,8008.044317755255,8130.1181640625,7983.629548493806,8130.1181640625,47569700,0.0,0.0,
2022-10-13 00:00:00+07:00,8081.28857421875,8178.947650644354,8081.28857421875,8081.28857421875,62282800,0.0,0.0,
2022-10-14 00:00:00+07:00,8105.7035629734855,8154.53310250947,8056.874023437501,8056.8740234375,70642900,0.0,0.0,
2022-10-17 00:00:00+07:00,8056.874023437501,8105.7035629734855,7983.6297141335235,8056.8740234375,56387500,0.0,0.0,
2022-10-18 00:00:00+07:00,8081.288843361728,8276.607002717903,8056.874073442206,8105.70361328125,85665300,0.0,0.0,
2022-10-19 00:00:00+07:00,8056.873805112349,8154.5328815379535,8032.459036005948,8081.28857421875,66753500,0.0,0.0,
2022-10-20 00:00:00+07:00,8056.873793658088,8301.021484375,8056.873793658088,8301.021484375,91812300,0.0,0.0,
2022-10-21 00:00:00+07:00,8252.192574738077,8520.755054981033,8252.192574738077,8447.5107421875,122777800,0.0,0.0,
2022-10-24 00:00:00+07:00,8545.169581724018,8691.658203125,8520.75481149052,8691.658203125,89416500,0.0,0.0,
2022-10-25 00:00:00+07:00,8618.413692079743,8667.243231411638,8496.33984375,8496.33984375,84696300,0.0,0.0,
2022-10-26 00:00:00+07:00,8423.095874451754,8447.51064510234,8349.8515625,8349.8515625,98962100,0.0,0.0,
2022-10-27 00:00:00+07:00,8349.851225754312,8496.33984375,8349.851225754312,8496.33984375,77003400,0.0,0.0,
2022-10-28 00:00:00+07:00,8447.509871651786,8545.1689453125,8447.509871651786,8545.1689453125,84980600,0.0,0.0,
2022-10-31 00:00:00+07:00,8642.828563343395,8642.828563343395,8569.584253484554,8593.9990234375,138922800,0.0,0.0,
2022-11-01 00:00:00+07:00,8789.31718306108,8789.31718306108,8520.754713578659,8593.9990234375,118118400,0.0,0.0,
2022-11-02 00:00:00+07:00,8593.998482142857,8618.413250558036,8520.754176897322,8545.1689453125,68323600,0.0,0.0,
2022-11-03 00:00:00+07:00,8496.339943625711,8618.413793390448,8496.339943625711,8593.9990234375,81856300,0.0,0.0,
2022-11-04 00:00:00+07:00,8569.5849609375,8593.999732905982,8471.925873063568,8569.5849609375,84458300,0.0,0.0,
2022-11-07 00:00:00+07:00,8520.755244195798,8642.8291015625,8471.925701249118,8642.8291015625,94794000,0.0,0.0,
2022-11-08 00:00:00+07:00,8642.828018973214,8667.242787388393,8520.754176897322,8545.1689453125,42525500,0.0,0.0,
2022-11-09 00:00:00+07:00,8471.925008252641,8667.2431640625,8471.925008252641,8667.2431640625,96599500,0.0,0.0,
2022-11-10 00:00:00+07:00,8520.754713578659,8593.9990234375,8520.754713578659,8593.9990234375,89463000,0.0,0.0,
2022-11-11 00:00:00+07:00,8691.658644509182,8716.07341598252,8618.41433008916,8642.8291015625,59597900,0.0,0.0,
2022-11-14 00:00:00+07:00,8667.242787388393,8691.657555803571,8545.1689453125,8545.1689453125,49208200,0.0,0.0,
2022-11-15 00:00:00+07:00,8569.584253484554,8642.828563343395,8545.169483531607,8593.9990234375,59092900,0.0,0.0,
2022-11-16 00:00:00+07:00,8423.095433434773,8471.924972179324,8349.85112531795,8398.6806640625,143424800,0.0,0.0,
2022-11-17 00:00:00+07:00,8423.095801061067,8618.413964563932,8398.68103062321,8520.7548828125,72679800,0.0,0.0,
2022-11-18 00:00:00+07:00,8520.754014142174,8691.657389783993,8520.754014142174,8618.4130859375,83556900,0.0,0.0,
2022-11-21 00:00:00+07:00,8667.243505439648,8691.658275877506,8520.7548828125,8520.7548828125,35901000,0.0,0.0,
2022-11-22 00:00:00+07:00,8691.658203125,8740.487743591995,8642.828662658007,8691.658203125,84684200,0.0,0.0,
2022-11-23 00:00:00+07:00,8691.657933538732,8764.902241967431,8667.2431640625,8667.2431640625,84642100,0.0,0.0,
2022-11-24 00:00:00+07:00,8764.901638454861,8789.31640625,8740.486870659723,8789.31640625,53520800,0.0,0.0,
2022-11-25 00:00:00+07:00,8789.31711350975,8789.31711350975,8691.65803447075,8764.90234375,75048300,0.0,0.0,
2022-11-28 00:00:00+07:00,8838.14719312673,8886.976735630193,8764.902879371537,8813.732421875,96209700,0.0,0.0,
2022-11-29 00:00:00+07:00,8764.90234375,8862.561422788996,8716.0728042305,8764.90234375,91562100,0.0,0.0,
2022-11-30 00:00:00+07:00,8667.242877919187,9179.95301999328,8642.828109248992,9082.2939453125,644359600,0.0,0.0,
2022-12-01 00:00:00+07:00,9057.878851996527,9131.123155381945,8789.31640625,8789.31640625,155775400,0.0,0.0,
2022-12-02 00:00:00+07:00,8725.5908203125,8799.121080034236,8725.5908203125,8725.5908203125,130982100,35.0,0.0,
2022-12-05 00:00:00+07:00,8627.551103988604,8725.591457443019,8603.041015625,8603.041015625,114656300,0.0,0.0,
2022-12-06 00:00:00+07:00,8554.020172910663,8578.530259365994,8406.959654178674,8505.0,180553800,0.0,0.0,
2022-12-07 00:00:00+07:00,8333.429352348374,8406.959611339682,8284.4091796875,8284.4091796875,229308700,0.0,0.0,
2022-12-08 00:00:00+07:00,8210.879250919117,8406.95994944853,8186.369163602941,8333.4296875,172590100,0.0,0.0,
2022-12-09 00:00:00+07:00,8333.429698888485,8431.470048287172,8284.409524189141,8406.9599609375,90851300,0.0,0.0,
2022-12-12 00:00:00+07:00,8357.940123810165,8529.5107421875,8308.919947130928,8529.5107421875,102851800,0.0,0.0,
2022-12-13 00:00:00+07:00,8455.980477168643,8529.5107421875,8382.450212149784,8529.5107421875,104580200,0.0,0.0,
2022-12-14 00:00:00+07:00,8431.470380434783,8529.510733695652,8357.94011548913,8455.98046875,118164300,0.0,0.0,
2022-12-15 00:00:00+07:00,8406.95994944853,8431.470036764706,8333.4296875,8333.4296875,113255700,0.0,0.0,
2022-12-16 00:00:00+07:00,8259.89912166152,8480.489899391352,8235.389035247093,8431.4697265625,181516700,0.0,0.0,
2022-12-19 00:00:00+07:00,8480.490234375,8529.510409140174,8431.470059609826,8480.490234375,67482900,0.0,0.0,
2022-12-20 00:00:00+07:00,8382.44987358783,8480.490222986517,8382.44987358783,8406.9599609375,41243700,0.0,0.0,
2022-12-21 00:00:00+07:00,8431.469740634006,8529.510086455331,8406.959654178674,8505.0,33617700,0.0,0.0,
2022-12-22 00:00:00+07:00,8480.490222986517,8505.000310336189,8406.9599609375,8406.9599609375,59591500,0.0,0.0,
2022-12-23 00:00:00+07:00,8357.939774816175,8406.95994944853,8333.4296875,8333.4296875,47393000,0.0,0.0,
2022-12-26 00:00:00+07:00,8333.429698888485,8455.980135636844,8333.429698888485,8406.9599609375,20495900,0.0,0.0,
2022-12-27 00:00:00+07:00,8431.4697265625,8480.489899391352,8406.959640148074,8431.4697265625,27193800,0.0,0.0,
2022-12-28 00:00:00+07:00,8480.490234375,8480.490234375,8382.449884844653,8480.490234375,40420200,0.0,0.0,
2022-12-29 00:00:00+07:00,8357.939786238157,8431.470048287172,8333.429698888485,8406.9599609375,47020900,0.0,0.0,
2022-12-30 00:00:00+07:00,8406.960283602888,8480.49054847405,8382.4501953125,8382.4501953125,44681400,0.0,0.0,
2023-01-02 00:00:00+07:00,8406.960283602888,8431.470371893276,8333.430018731726,8382.4501953125,10653900,0.0,0.0,
2023-01-03 00:00:00+07:00,8382.4501953125,8431.470371893276,8357.940107022114,8382.4501953125,27399100,0.0,0.0,
2023-01-04 00:00:00+07:00,8357.939751356662,8406.959925851423,8186.369140625001,8186.369140625,90918800,0.0,0.0,
2023-01-05 00:00:00+07:00,8186.368960108901,8210.879046815813,7990.288266453597,8088.32861328125,128838500,0.0,0.0,
2023-01-06 00:00:00+07:00,7941.268419380648,8161.8592088078885,7941.268419380648,8137.34912109375,69286600,0.0,0.0,
2023-01-09 00:00:00+07:00,8161.858748035319,8284.4091796875,8161.858748035319,8284.4091796875,86916900,0.0,0.0,
2023-01-10 00:00:00+07:00,8235.389119839449,8259.899206505637,7990.28825317756,8014.79833984375,101759100,0.0,0.0,
2023-01-11 00:00:00+07:00,7892.24805889423,7990.2884074519225,7843.227884615384,7965.7783203125,96069100,0.0,0.0,
2023-01-12 00:00:00+07:00,7990.28825317756,8112.838686508505,7965.778166511372,8014.79833984375,103804600,0.0,0.0,
2023-01-13 00:00:00+07:00,7990.2883952833845,8014.798482385481,7867.737959772903,7892.248046875,119748200,0.0,0.0,
2023-01-16 00:00:00+07:00,7892.248223614838,8039.308749520705,7892.248223614838,7990.28857421875,105710700,0.0,0.0,
2023-01-17 00:00:00+07:00,8014.798366237332,8210.879060212557,7990.288279490428,8161.85888671875,88695900,0.0,0.0,
2023-01-18 00:00:00+07:00,8039.3087702371995,8161.8592088078885,8014.798682523061,8137.34912109375,96814600,0.0,0.0,
2023-01-19 00:00:00+07:00,8186.368973465654,8186.368973465654,8088.328626478041,8161.85888671875,66391800,0.0,0.0,
2023-01-20 00:00:00+07:00,8112.839033379612,8161.8592088078885,8088.328945665475,8137.34912109375,96859500,0.0,0.0,
2023-01-24 00:00:00+07:00,8137.349110704788,8186.369286070479,8063.81884765625,8063.81884765625,42474500,0.0,0.0,
2023-01-25 00:00:00+07:00,8137.348942454268,8137.348942454268,8039.308593749999,8039.30859375,66124500,0.0,0.0,
2023-01-26 00:00:00+07:00,8063.81903922382,8308.919921875,8063.81903922382,8308.919921875,77582300,0.0,0.0,
2023-01-27 00:00:00+07:00,8529.5107421875,8676.571272225216,8382.450212149784,8529.5107421875,196804700,0.0,0.0,
2023-01-30 00:00:00+07:00,8554.020830527119,8603.041007206357,8406.960300489403,8529.5107421875,68544300,0.0,0.0,
2023-01-31 00:00:00+07:00,8455.980451465708,8505.000627995943,8308.919921875,8308.919921875,200589000,0.0,0.0,
2023-02-01 00:00:00+07:00,8406.95994944853,8406.95994944853,8284.409512867647,8333.4296875,77396200,0.0,0.0,
2023-02-02 00:00:00+07:00,8259.899093357064,8357.93943867881,8235.389007026628,8284.4091796875,99109500,0.0,0.0,
2023-02-03 00:00:00+07:00,8382.450212149784,8529.5107421875,8333.430035470546,8529.5107421875,71716700,0.0,0.0,
2023-02-06 00:00:00+07:00,8578.530595227436,8578.530595227436,8480.490245567693,8554.0205078125,117757700,0.0,0.0,
2023-02-07 00:00:00+07:00,8603.041023900954,8676.5712890625,8578.53093551377,8676.5712890625,116014700,0.0,0.0,
2023-02-08 00:00:00+07:00,8652.060546875,8676.570633410058,8627.550460339944,8652.060546875,54495500,0.0,0.0,
2023-02-09 00:00:00+07:00,8652.060560590766,8725.5908203125,8627.550474016854,8725.5908203125,72381700,0.0,0.0,
2023-02-10 00:00:00+07:00,8701.080719945114,8725.59080648017,8529.510114199717,8652.060546875,62060900,0.0,0.0,
2023-02-13 00:00:00+07:00,8701.0810546875,8725.591142165493,8603.040704775527,8701.0810546875,63775000,0.0,0.0,
2023-02-14 00:00:00+07:00,8676.570978090085,8774.611328125,8652.060890581355,8774.611328125,81678200,0.0,0.0,
2023-02-15 00:00:00+07:00,8701.0810546875,8725.591142165493,8578.530617297534,8701.0810546875,38037000,0.0,0.0,
2023-02-16 00:00:00+07:00,8652.061183885597,8676.571272225216,8529.5107421875,8529.5107421875,66040400,0.0,0.0,
2023-02-17 00:00:00+07:00,8603.040682642371,8676.570944887178,8554.0205078125,8554.0205078125,43588900,0.0,0.0,
2023-02-20 00:00:00+07:00,8554.020186941963,8652.060532924106,8529.510100446429,8578.5302734375,40077000,0.0,0.0,
2023-02-21 00:00:00+07:00,8603.041007206357,8627.551095545978,8529.5107421875,8529.5107421875,25390500,0.0,0.0,
2023-02-22 00:00:00+07:00,8529.510086455331,8578.530259365994,8455.979827089337,8505.0,38671900,0.0,0.0,
2023-02-23 00:00:00+07:00,8455.980158152759,8578.530595227436,8455.980158152759,8554.0205078125,53412300,0.0,0.0,
2023-02-24 00:00:00+07:00,8603.040345821326,8676.57060518732,8505.0,8505.0,44123400,0.0,0.0,
2023-02-27 00:00:00+07:00,8505.000662170583,8603.041015625,8480.49057380698,8603.041015625,59983900,0.0,0.0,
2023-02-28 00:00:00+07:00,8603.040359933035,8603.040359933035,8505.000013950892,8578.5302734375,106349400,0.0,0.0,
2023-03-01 00:00:00+07:00,8554.02015863463,8578.530245049056,8431.4697265625,8431.4697265625,67034700,0.0,0.0,
2023-03-02 00:00:00+07:00,8431.470380434783,8529.510733695652,8431.470380434783,8455.98046875,56672000,0.0,0.0,
2023-03-03 00:00:00+07:00,8480.490539730827,8505.000627995943,8308.919921875,8308.919921875,95376900,0.0,0.0,
2023-03-06 00:00:00+07:00,8382.450177873885,8382.450177873885,8235.3896484375,8235.3896484375,92652000,0.0,0.0,
2023-03-07 00:00:00+07:00,8186.369152216245,8308.919588626668,8186.369152216245,8259.8994140625,106115600,0.0,0.0,
2023-03-08 00:00:00+07:00,8235.389349489797,8406.9599609375,8235.389349489797,8406.9599609375,79350900,0.0,0.0,
2023-03-09 00:00:00+07:00,8480.490222986517,8480.490222986517,8382.44987358783,8406.9599609375,54201400,0.0,0.0,
2023-03-10 00:00:00+07:00,8333.429352348374,8382.449525009246,8284.4091796875,8284.4091796875,59580100,0.0,0.0,
2023-03-13 00:00:00+07:00,8284.409842150952,8455.980460183662,8284.409842150952,8382.4501953125,82077700,0.0,0.0,
2023-03-14 00:00:00+07:00,8259.899233706363,8308.91940720017,8161.85888671875,8161.85888671875,90495300,0.0,0.0,
2023-03-15 00:00:00+07:00,8284.409320453266,8308.91940720017,8161.85888671875,8161.85888671875,86747400,0.0,0.0,
2023-03-16 00:00:00+07:00,8137.34912109375,8186.369296522026,8088.328945665475,8137.34912109375,105894000,0.0,0.0,
2023-03-17 00:00:00+07:00,8210.87890625,8284.40916511194,8161.858733675373,8210.87890625,198558600,0.0,0.0,
2023-03-20 00:00:00+07:00,8235.3896484375,8308.919913155692,8210.879560198104,8235.3896484375,37277900,0.0,0.0,
2023-03-21 00:00:00+07:00,8235.389338235294,8333.4296875,8210.879250919117,8333.4296875,91617400,0.0,0.0,
2023-03-24 00:00:00+07:00,8529.510114199717,8652.060546875,8455.979854594547,8652.060546875,145603600,0.0,0.0,
2023-03-27 00:00:00+07:00,8652.061183885597,8652.061183885597,8529.5107421875,8529.5107421875,110692800,0.0,0.0,
2023-03-28 00:00:00+07:00,8627.550432276657,8627.550432276657,8505.0,8505.0,98296600,0.0,0.0,
2023-03-29 00:00:00+07:00,8675.0,8800.0,8625.0,8800.0,101068200,170.0,0.0,
2023-03-30 00:00:00+07:00,8900.0,8900.0,8800.0,8825.0,118912100,0.0,0.0,
2023-03-31 00:00:00+07:00,8825.0,8850.0,8725.0,8750.0,97146900,0.0,0.0,
2023-04-03 00:00:00+07:00,8825.0,8825.0,8750.0,8800.0,60288900,0.0,0.0,
2023-04-04 00:00:00+07:00,8825.0,8825.0,8650.0,8775.0,60975800,0.0,0.0,
2023-04-05 00:00:00+07:00,8775.0,8800.0,8725.0,8775.0,16932900,0.0,0.0,
