Date,Open,High,Low,Close,Adj Close,Volume,Dividends,Stock Splits
2021-04-05 00:00:00+07:00,6250.0,6290.0,6155.0,6155.0,5818.818359375,73311500,0.0,0.0
2021-04-06 00:00:00+07:00,6135.0,6170.0,6080.0,6165.0,5828.27197265625,80215000,0.0,0.0
2021-04-07 00:00:00+07:00,6155.0,6275.0,6135.0,6250.0,5908.6298828125,107908000,0.0,0.0
2021-04-08 00:00:00+07:00,6200.0,6215.0,6125.0,6135.0,5881.212890625,123697500,86.4,0.0
2021-04-09 00:00:00+07:00,6315.0,6320.0,6145.0,6200.0,5943.52392578125,116961000,0.0,0.0
2021-04-12 00:00:00+07:00,6295.0,6295.0,6060.0,6065.0,5814.1083984375,110411500,0.0,0.0
2021-04-13 00:00:00+07:00,6050.0,6060.0,5980.0,6000.0,5751.79736328125,119211500,0.0,0.0
2021-04-14 00:00:00+07:00,6105.0,6305.0,6060.0,6305.0,6044.1806640625,135519500,0.0,0.0
2021-04-15 00:00:00+07:00,6305.0,6310.0,6180.0,6280.0,6020.21484375,102686500,0.0,0.0
2021-04-16 00:00:00+07:00,6370.0,6370.0,6215.0,6275.0,6015.421875,79293500,0.0,0.0
2021-04-19 00:00:00+07:00,6275.0,6280.0,6230.0,6270.0,6010.6279296875,47095000,0.0,0.0
2021-04-20 00:00:00+07:00,6200.0,6250.0,6185.0,6235.0,5977.076171875,72721000,0.0,0.0
2021-04-21 00:00:00+07:00,6200.0,6225.0,6165.0,6165.0,5909.9716796875,68397000,0.0,0.0
2021-04-22 00:00:00+07:00,6200.0,6275.0,6180.0,6215.0,5957.9033203125,63758000,0.0,0.0
2021-04-23 00:00:00+07:00,6280.0,6395.0,6225.0,6390.0,6125.66455078125,108498500,0.0,0.0
2021-04-26 00:00:00+07:00,6395.0,6400.0,6280.0,6285.0,6025.0078125,108742000,0.0,0.0
2021-04-27 00:00:00+07:00,6370.0,6435.0,6355.0,6405.0,6140.04443359375,132650000,0.0,0.0
2021-04-28 00:00:00+07:00,6400.0,6405.0,6315.0,6320.0,6058.560546875,87660000,0.0,0.0
2021-04-29 00:00:00+07:00,6460.0,6460.0,6360.0,6410.0,6144.83740234375,57355000,0.0,0.0
2021-04-30 00:00:00+07:00,6450.0,6450.0,6380.0,6405.0,6140.04443359375,65829500,0.0,0.0
2021-05-03 00:00:00+07:00,6480.0,6480.0,6345.0,6390.0,6125.66455078125,42065500,0.0,0.0
2021-05-04 00:00:00+07:00,6350.0,6430.0,6340.0,6400.0,6135.25048828125,50123500,0.0,0.0
2021-05-05 00:00:00+07:00,6420.0,6430.0,6400.0,6425.0,6159.21630859375,51685000,0.0,0.0
2021-05-06 00:00:00+07:00,6400.0,6450.0,6400.0,6425.0,6159.21630859375,38115500,0.0,0.0
2021-05-07 00:00:00+07:00,6460.0,6460.0,6385.0,6400.0,6135.25048828125,48864000,0.0,0.0
2021-05-10 00:00:00+07:00,6400.0,6420.0,6395.0,6420.0,6154.42333984375,68180500,0.0,0.0
2021-05-11 00:00:00+07:00,6400.0,6480.0,6305.0,6480.0,6211.94140625,70680000,0.0,0.0
2021-05-17 00:00:00+07:00,6500.0,6500.0,6375.0,6500.0,6231.1142578125,129058500,0.0,0.0
2021-05-18 00:00:00+07:00,6400.0,6455.0,6365.0,6390.0,6125.66455078125,73563000,0.0,0.0
2021-05-19 00:00:00+07:00,6380.0,6400.0,6335.0,6345.0,6082.525390625,64912500,0.0,0.0
2021-05-20 00:00:00+07:00,6390.0,6435.0,6350.0,6380.0,6116.078125,64950000,0.0,0.0
2021-05-21 00:00:00+07:00,6450.0,6450.0,6260.0,6360.0,6096.9052734375,92620000,0.0,0.0
2021-05-24 00:00:00+07:00,6355.0,6380.0,6290.0,6325.0,6063.353515625,59210000,0.0,0.0
2021-05-25 00:00:00+07:00,6300.0,6440.0,6300.0,6355.0,6092.11181640625,87470000,0.0,0.0
2021-05-27 00:00:00+07:00,6440.0,6480.0,6270.0,6270.0,6010.6279296875,537971500,0.0,0.0
2021-05-28 00:00:00+07:00,6330.0,6370.0,6330.0,6340.0,6077.732421875,102108500,0.0,0.0
2021-05-31 00:00:00+07:00,6360.0,6390.0,6325.0,6375.0,6111.28466796875,101442000,0.0,0.0
2021-06-02 00:00:00+07:00,6500.0,6515.0,6420.0,6465.0,6197.56201171875,141732500,0.0,0.0
2021-06-03 00:00:00+07:00,6495.0,6600.0,6430.0,6600.0,6326.97705078125,133810500,0.0,0.0
2021-06-04 00:00:00+07:00,6620.0,6620.0,6500.0,6580.0,6307.8046875,62108500,0.0,0.0
2021-06-07 00:00:00+07:00,6560.0,6570.0,6430.0,6530.0,6259.87255859375,62576000,0.0,0.0
2021-06-08 00:00:00+07:00,6575.0,6575.0,6430.0,6430.0,6164.00927734375,64348000,0.0,0.0
2021-06-09 00:00:00+07:00,6360.0,6535.0,6360.0,6530.0,6259.87255859375,77198000,0.0,0.0
2021-06-10 00:00:00+07:00,6555.0,6620.0,6490.0,6620.0,6346.1494140625,73262500,0.0,0.0
2021-06-11 00:00:00+07:00,6570.0,6580.0,6460.0,6470.0,6202.35498046875,72780500,0.0,0.0
2021-06-14 00:00:00+07:00,6520.0,6520.0,6400.0,6410.0,6144.83740234375,61478500,0.0,0.0
2021-06-15 00:00:00+07:00,6445.0,6470.0,6405.0,6470.0,6202.35498046875,87799000,0.0,0.0
2021-06-16 00:00:00+07:00,6420.0,6435.0,6360.0,6385.0,6120.87109375,48984000,0.0,0.0
2021-06-17 00:00:00+07:00,6390.0,6390.0,6275.0,6330.0,6068.146484375,68448500,0.0,0.0
2021-06-18 00:00:00+07:00,6300.0,6345.0,6280.0,6325.0,6063.353515625,118043000,0.0,0.0
2021-06-21 00:00:00+07:00,6300.0,6300.0,6210.0,6250.0,5991.45556640625,60823500,0.0,0.0
2021-06-22 00:00:00+07:00,6250.0,6390.0,6240.0,6340.0,6077.732421875,65824000,0.0,0.0
2021-06-23 00:00:00+07:00,6295.0,6340.0,6230.0,6230.0,5972.283203125,52451000,0.0,0.0
2021-06-24 00:00:00+07:00,6310.0,6310.0,6200.0,6210.0,5953.1103515625,56010000,0.0,0.0
2021-06-25 00:00:00+07:00,6230.0,6260.0,6190.0,6190.0,5933.93798828125,68939500,0.0,0.0
2021-06-28 00:00:00+07:00,6100.0,6150.0,6055.0,6055.0,5804.5224609375,84420500,0.0,0.0
2021-06-29 00:00:00+07:00,6050.0,6090.0,6040.0,6045.0,5794.935546875,53704000,0.0,0.0
2021-06-30 00:00:00+07:00,6000.0,6070.0,6000.0,6025.0,5775.76318359375,65795000,0.0,0.0
2021-07-01 00:00:00+07:00,6060.0,6075.0,6000.0,6025.0,5775.76318359375,58153000,0.0,0.0
2021-07-02 00:00:00+07:00,6070.0,6140.0,6040.0,6100.0,5847.6611328125,67392500,0.0,0.0
2021-07-05 00:00:00+07:00,6100.0,6130.0,6070.0,6110.0,5857.2470703125,39710500,0.0,0.0
2021-07-06 00:00:00+07:00,6110.0,6110.0,6055.0,6055.0,5804.5224609375,34279500,0.0,0.0
2021-07-07 00:00:00+07:00,6180.0,6180.0,6030.0,6065.0,5814.1083984375,35595000,0.0,0.0
2021-07-08 00:00:00+07:00,6000.0,6040.0,5980.0,6015.0,5766.17724609375,47297000,0.0,0.0
2021-07-09 00:00:00+07:00,6010.0,6020.0,5990.0,6020.0,5770.97021484375,40707500,0.0,0.0
2021-07-12 00:00:00+07:00,6070.0,6180.0,6020.0,6170.0,5914.7646484375,65981500,0.0,0.0
2021-07-13 00:00:00+07:00,6170.0,6175.0,6015.0,6045.0,5794.935546875,65946500,0.0,0.0
2021-07-14 00:00:00+07:00,6020.0,6030.0,5980.0,5990.0,5742.21142578125,59321000,0.0,0.0
2021-07-15 00:00:00+07:00,6000.0,6115.0,5995.0,6115.0,5862.0400390625,49724000,0.0,0.0
2021-07-16 00:00:00+07:00,6170.0,6170.0,6055.0,6110.0,5857.2470703125,47998500,0.0,0.0
2021-07-19 00:00:00+07:00,6110.0,6110.0,6005.0,6005.0,5756.5908203125,47119000,0.0,0.0
2021-07-21 00:00:00+07:00,6050.0,6120.0,6010.0,6010.0,5761.3837890625,55009500,0.0,0.0
2021-07-22 00:00:00+07:00,6115.0,6155.0,6050.0,6155.0,5900.3857421875,60792000,0.0,0.0
2021-07-23 00:00:00+07:00,6180.0,6190.0,6025.0,6035.0,5785.34912109375,79938000,0.0,0.0
2021-07-26 00:00:00+07:00,6040.0,6060.0,6005.0,6005.0,5756.5908203125,48171500,0.0,0.0
2021-07-27 00:00:00+07:00,6005.0,6060.0,6000.0,6005.0,5756.5908203125,53107500,0.0,0.0
2021-07-28 00:00:00+07:00,6005.0,6010.0,5970.0,5980.0,5732.62451171875,74133000,0.0,0.0
2021-07-29 00:00:00+07:00,6055.0,6085.0,5980.0,6040.0,5790.142578125,84605000,0.0,0.0
2021-07-30 00:00:00+07:00,6040.0,6100.0,5960.0,5970.0,5723.03857421875,105685000,0.0,0.0
2021-08-02 00:00:00+07:00,6060.0,6065.0,5905.0,5960.0,5713.4521484375,119981500,0.0,0.0
2021-08-03 00:00:00+07:00,6025.0,6180.0,5985.0,6145.0,5890.79931640625,110071500,0.0,0.0
2021-08-04 00:00:00+07:00,6145.0,6150.0,6060.0,6120.0,5866.8330078125,41112000,0.0,0.0
2021-08-05 00:00:00+07:00,6170.0,6310.0,6140.0,6300.0,6039.38720703125,93768000,0.0,0.0
2021-08-06 00:00:00+07:00,6360.0,6360.0,6135.0,6160.0,5905.1787109375,67285000,0.0,0.0
2021-08-09 00:00:00+07:00,6135.0,6200.0,6105.0,6200.0,5943.52392578125,52858500,0.0,0.0
2021-08-10 00:00:00+07:00,6250.0,6300.0,6115.0,6300.0,6039.38720703125,60446000,0.0,0.0
2021-08-12 00:00:00+07:00,6120.0,6320.0,6120.0,6300.0,6039.38720703125,118325500,0.0,0.0
2021-08-13 00:00:00+07:00,6350.0,6435.0,6325.0,6410.0,6144.83740234375,86929000,0.0,0.0
2021-08-16 00:00:00+07:00,6420.0,6420.0,6305.0,6420.0,6154.42333984375,69282000,0.0,0.0
2021-08-18 00:00:00+07:00,6520.0,6760.0,6460.0,6600.0,6326.97705078125,186354500,0.0,0.0
2021-08-19 00:00:00+07:00,6600.0,6600.0,6530.0,6600.0,6326.97705078125,100926000,0.0,0.0
2021-08-20 00:00:00+07:00,6600.0,6600.0,6510.0,6600.0,6326.97705078125,120163500,0.0,0.0
2021-08-23 00:00:00+07:00,6515.0,6590.0,6515.0,6590.0,6317.39111328125,68253000,0.0,0.0
2021-08-24 00:00:00+07:00,6570.0,6600.0,6500.0,6600.0,6326.97705078125,59561500,0.0,0.0
2021-08-25 00:00:00+07:00,6600.0,6605.0,6585.0,6600.0,6326.97705078125,80751500,0.0,0.0
2021-08-26 00:00:00+07:00,6560.0,6580.0,6470.0,6560.0,6288.63232421875,74337000,0.0,0.0
2021-08-27 00:00:00+07:00,6490.0,6530.0,6490.0,6510.0,6240.7001953125,71572500,0.0,0.0
2021-08-30 00:00:00+07:00,6530.0,6580.0,6520.0,6565.0,6293.42529296875,74564500,0.0,0.0
2021-08-31 00:00:00+07:00,6520.0,6570.0,6515.0,6550.0,6279.04541015625,115373500,0.0,0.0
2021-09-01 00:00:00+07:00,6550.0,6600.0,6535.0,6565.0,6293.42529296875,67362500,0.0,0.0
2021-09-02 00:00:00+07:00,6525.0,6575.0,6455.0,6540.0,6269.458984375,53257000,0.0,0.0
2021-09-03 00:00:00+07:00,6560.0,6600.0,6515.0,6600.0,6326.97705078125,35764500,0.0,0.0
2021-09-06 00:00:00+07:00,6600.0,6605.0,6550.0,6575.0,6303.01171875,36780000,0.0,0.0
2021-09-07 00:00:00+07:00,6595.0,6605.0,6570.0,6570.0,6298.21826171875,53902000,0.0,0.0
2021-09-08 00:00:00+07:00,6550.0,6595.0,6420.0,6440.0,6173.595703125,77888000,0.0,0.0
2021-09-09 00:00:00+07:00,6410.0,6570.0,6410.0,6570.0,6298.21826171875,110074000,0.0,0.0
2021-09-10 00:00:00+07:00,6495.0,6565.0,6495.0,6520.0,6250.28662109375,41483500,0.0,0.0
2021-09-13 00:00:00+07:00,6560.0,6560.0,6525.0,6555.0,6283.83837890625,29929000,0.0,0.0
2021-09-14 00:00:00+07:00,6590.0,6595.0,6495.0,6545.0,6274.251953125,51990500,0.0,0.0
2021-09-15 00:00:00+07:00,6545.0,6550.0,6485.0,6495.0,6226.3212890625,44514000,0.0,0.0
2021-09-16 00:00:00+07:00,6580.0,6580.0,6480.0,6500.0,6231.1142578125,58672500,0.0,0.0
2021-09-17 00:00:00+07:00,6490.0,6535.0,6480.0,6520.0,6250.28662109375,117540000,0.0,0.0
2021-09-20 00:00:00+07:00,6570.0,6590.0,6510.0,6585.0,6312.59814453125,73157500,0.0,0.0
2021-09-21 00:00:00+07:00,6510.0,6535.0,6470.0,6490.0,6221.52783203125,57115500,0.0,0.0
2021-09-22 00:00:00+07:00,6500.0,6580.0,6500.0,6555.0,6283.83837890625,68722000,0.0,0.0
2021-09-23 00:00:00+07:00,6555.0,6590.0,6545.0,6580.0,6307.8046875,60998500,0.0,0.0
2021-09-24 00:00:00+07:00,6500.0,6585.0,6500.0,6585.0,6312.59814453125,60539500,0.0,0.0
2021-09-27 00:00:00+07:00,6585.0,6595.0,6555.0,6580.0,6307.8046875,55052500,0.0,0.0
2021-09-28 00:00:00+07:00,6540.0,6560.0,6500.0,6520.0,6250.28662109375,80186000,0.0,0.0
2021-09-29 00:00:00+07:00,6520.0,6580.0,6515.0,6580.0,6307.8046875,74079000,0.0,0.0
2021-09-30 00:00:00+07:00,6600.0,7000.0,6595.0,7000.0,6710.4306640625,156848000,0.0,0.0
2021-10-01 00:00:00+07:00,6900.0,6900.0,6710.0,6760.0,6480.3583984375,103954500,0.0,0.0
2021-10-04 00:00:00+07:00,6740.0,6960.0,6740.0,6960.0,6672.0849609375,74719000,0.0,0.0
2021-10-05 00:00:00+07:00,6910.0,6945.0,6860.0,6945.0,6657.7060546875,54986500,0.0,0.0
2021-10-06 00:00:00+07:00,6980.0,7180.0,6970.0,7180.0,6882.984375,174312000,0.0,0.0
2021-10-07 00:00:00+07:00,7175.0,7175.0,7080.0,7160.0,6863.8115234375,107263500,0.0,0.0
2021-10-08 00:00:00+07:00,7200.0,7300.0,7175.0,7290.0,6988.43359375,94643500,0.0,0.0
2021-10-11 00:00:00+07:00,7240.0,7290.0,7230.0,7255.0,6954.88232421875,47201000,0.0,0.0
2021-10-12 00:00:00+07:00,7255.0,7320.0,7245.0,7320.0,7017.19287109375,91067000,0.0,0.0
2021-10-13 00:00:00+07:00,7400.0,8250.0,7400.0,7525.0,7213.712890625,210893300,0.0,5.0
2021-10-14 00:00:00+07:00,7600.0,7900.0,7600.0,7750.0,7429.4052734375,138811900,0.0,0.0
2021-10-15 00:00:00+07:00,7800.0,7875.0,7450.0,7650.0,7333.54150390625,142378200,0.0,0.0
2021-10-18 00:00:00+07:00,7650.0,7675.0,7475.0,7525.0,7213.712890625,116644300,0.0,0.0
2021-10-19 00:00:00+07:00,7475.0,7525.0,7350.0,7500.0,7189.74658203125,134601200,0.0,0.0
2021-10-21 00:00:00+07:00,7500.0,7550.0,7350.0,7400.0,7093.88330078125,106120100,0.0,0.0
2021-10-22 00:00:00+07:00,7450.0,7550.0,7425.0,7525.0,7213.712890625,96730700,0.0,0.0
2021-10-25 00:00:00+07:00,7400.0,7525.0,7400.0,7525.0,7213.712890625,60329800,0.0,0.0
2021-10-26 00:00:00+07:00,7600.0,7600.0,7500.0,7525.0,7213.712890625,70103000,0.0,0.0
2021-10-27 00:00:00+07:00,7575.0,7575.0,7425.0,7450.0,7141.8154296875,57067000,0.0,0.0
2021-10-28 00:00:00+07:00,7350.0,7425.0,7350.0,7375.0,7069.91748046875,75271900,0.0,0.0
2021-10-29 00:00:00+07:00,7450.0,7475.0,7375.0,7475.0,7165.78076171875,60639200,0.0,0.0
2021-11-01 00:00:00+07:00,7550.0,7550.0,7400.0,7400.0,7093.88330078125,38593400,0.0,0.0
2021-11-02 00:00:00+07:00,7375.0,7425.0,7250.0,7300.0,6998.02001953125,90535400,0.0,0.0
2021-11-03 00:00:00+07:00,7300.0,7400.0,7250.0,7350.0,7045.9521484375,61621500,0.0,0.0
2021-11-04 00:00:00+07:00,7425.0,7475.0,7375.0,7375.0,7069.91748046875,61081400,0.0,0.0
2021-11-05 00:00:00+07:00,7475.0,7475.0,7375.0,7450.0,7141.8154296875,43120400,0.0,0.0
2021-11-08 00:00:00+07:00,7500.0,7600.0,7450.0,7575.0,7261.64453125,85441700,0.0,0.0
2021-11-09 00:00:00+07:00,7600.0,7675.0,7575.0,7675.0,7357.5078125,101785800,0.0,0.0
2021-11-10 00:00:00+07:00,7675.0,7675.0,7575.0,7650.0,7333.54150390625,47503900,0.0,0.0
2021-11-11 00:00:00+07:00,7700.0,7750.0,7600.0,7675.0,7357.5078125,55790000,0.0,0.0
2021-11-12 00:00:00+07:00,7750.0,7750.0,7525.0,7525.0,7213.712890625,52590100,0.0,0.0
2021-11-15 00:00:00+07:00,7625.0,7625.0,7500.0,7500.0,7189.74658203125,67344200,0.0,0.0
2021-11-16 00:00:00+07:00,7400.0,7475.0,7325.0,7475.0,7165.78076171875,98616900,0.0,0.0
2021-11-17 00:00:00+07:00,7500.0,7575.0,7425.0,7575.0,7286.01220703125,61968100,25.0,0.0
2021-11-18 00:00:00+07:00,7425.0,7500.0,7400.0,7400.0,7117.6884765625,78839600,0.0,0.0
2021-11-19 00:00:00+07:00,7425.0,7450.0,7375.0,7425.0,7141.73486328125,68203700,0.0,0.0
2021-11-22 00:00:00+07:00,7425.0,7525.0,7400.0,7475.0,7189.8271484375,66328300,0.0,0.0
2021-11-23 00:00:00+07:00,7400.0,7500.0,7400.0,7475.0,7189.8271484375,43477500,0.0,0.0
2021-11-24 00:00:00+07:00,7575.0,7575.0,7425.0,7475.0,7189.8271484375,35181400,0.0,0.0
2021-11-25 00:00:00+07:00,7450.0,7525.0,7425.0,7425.0,7141.73486328125,40216100,0.0,0.0
2021-11-26 00:00:00+07:00,7400.0,7450.0,7250.0,7275.0,6997.45703125,113288400,0.0,0.0
2021-11-29 00:00:00+07:00,7275.0,7425.0,7175.0,7400.0,7117.6884765625,87907900,0.0,0.0
2021-11-30 00:00:00+07:00,7325.0,7425.0,7275.0,7275.0,6997.45703125,144923700,0.0,0.0
2021-12-01 00:00:00+07:00,7275.0,7450.0,7275.0,7300.0,7021.50341796875,76538100,0.0,0.0
2021-12-02 00:00:00+07:00,7375.0,7500.0,7300.0,7500.0,7213.873046875,66831000,0.0,0.0
2021-12-03 00:00:00+07:00,7525.0,7525.0,7350.0,7375.0,7093.64208984375,63283700,0.0,0.0
2021-12-06 00:00:00+07:00,7450.0,7475.0,7350.0,7350.0,7069.59619140625,56944100,0.0,0.0
2021-12-07 00:00:00+07:00,7450.0,7475.0,7350.0,7350.0,7069.59619140625,51258200,0.0,0.0
2021-12-08 00:00:00+07:00,7450.0,7475.0,7400.0,7425.0,7141.73486328125,74775000,0.0,0.0
2021-12-09 00:00:00+07:00,7400.0,7450.0,7350.0,7350.0,7069.59619140625,54886400,0.0,0.0
2021-12-10 00:00:00+07:00,7325.0,7375.0,7275.0,7375.0,7093.64208984375,91092400,0.0,0.0
2021-12-13 00:00:00+07:00,7375.0,7400.0,7300.0,7300.0,7021.50341796875,59977100,0.0,0.0
2021-12-14 00:00:00+07:00,7300.0,7375.0,7275.0,7300.0,7021.50341796875,49763600,0.0,0.0
2021-12-15 00:00:00+07:00,7300.0,7375.0,7275.0,7300.0,7021.50341796875,52477600,0.0,0.0
2021-12-16 00:00:00+07:00,7375.0,7400.0,7275.0,7275.0,6997.45703125,95171400,0.0,0.0
2021-12-17 00:00:00+07:00,7325.0,7500.0,7300.0,7500.0,7213.873046875,107096800,0.0,0.0
2021-12-20 00:00:00+07:00,7350.0,7400.0,7325.0,7375.0,7093.64208984375,74753000,0.0,0.0
2021-12-21 00:00:00+07:00,7325.0,7400.0,7325.0,7375.0,7093.64208984375,52386100,0.0,0.0
2021-12-22 00:00:00+07:00,7425.0,7425.0,7325.0,7325.0,7045.5498046875,33232000,0.0,0.0
2021-12-23 00:00:00+07:00,7325.0,7350.0,7300.0,7300.0,7021.50341796875,37136400,0.0,0.0
2021-12-24 00:00:00+07:00,7300.0,7350.0,7300.0,7300.0,7021.50341796875,30802100,0.0,0.0
2021-12-27 00:00:00+07:00,7300.0,7350.0,7300.0,7350.0,7069.59619140625,20722100,0.0,0.0
2021-12-28 00:00:00+07:00,7375.0,7400.0,7325.0,7350.0,7069.59619140625,39343800,0.0,0.0
2021-12-29 00:00:00+07:00,7350.0,7375.0,7300.0,7300.0,7021.50341796875,42079500,0.0,0.0
2021-12-30 00:00:00+07:00,7350.0,7350.0,7300.0,7300.0,7021.50341796875,49954700,0.0,0.0
2022-01-03 00:00:00+07:00,7325.0,7400.0,7300.0,7325.0,7045.5498046875,54287400,0.0,0.0
2022-01-04 00:00:00+07:00,7325.0,7450.0,7325.0,7400.0,7117.6884765625,70624000,0.0,0.0
2022-01-05 00:00:00+07:00,7450.0,7525.0,7375.0,7450.0,7165.78125,76164900,0.0,0.0
2022-01-06 00:00:00+07:00,7500.0,7525.0,7425.0,7475.0,7189.8271484375,63657100,0.0,0.0
2022-01-07 00:00:00+07:00,7550.0,7700.0,7500.0,7650.0,7358.15087890625,143433300,0.0,0.0
2022-01-10 00:00:00+07:00,7575.0,7650.0,7550.0,7600.0,7310.05810546875,45351900,0.0,0.0
2022-01-11 00:00:00+07:00,7650.0,7700.0,7625.0,7700.0,7406.24365234375,110334600,0.0,0.0
2022-01-12 00:00:00+07:00,7700.0,7700.0,7650.0,7700.0,7406.24365234375,62606000,0.0,0.0
2022-01-13 00:00:00+07:00,7700.0,7750.0,7650.0,7700.0,7406.24365234375,50025200,0.0,0.0
2022-01-14 00:00:00+07:00,7700.0,7850.0,7650.0,7850.0,7550.52099609375,65898700,0.0,0.0
2022-01-17 00:00:00+07:00,7900.0,7900.0,7700.0,7750.0,7454.3359375,63902600,0.0,0.0
2022-01-18 00:00:00+07:00,7775.0,7775.0,7550.0,7675.0,7382.197265625,71476300,0.0,0.0
2022-01-19 00:00:00+07:00,7650.0,7725.0,7575.0,7675.0,7382.197265625,60389700,0.0,0.0
2022-01-20 00:00:00+07:00,7725.0,7775.0,7625.0,7775.0,7478.3818359375,59925500,0.0,0.0
2022-01-21 00:00:00+07:00,7775.0,7950.0,7700.0,7950.0,7646.70556640625,63370500,0.0,0.0
2022-01-24 00:00:00+07:00,7825.0,7850.0,7775.0,7800.0,7502.42822265625,40278300,0.0,0.0
2022-01-25 00:00:00+07:00,7675.0,7775.0,7625.0,7775.0,7478.3818359375,106796900,0.0,0.0
2022-01-26 00:00:00+07:00,7700.0,7750.0,7650.0,7700.0,7406.24365234375,53350200,0.0,0.0
2022-01-27 00:00:00+07:00,7625.0,7800.0,7625.0,7800.0,7502.42822265625,71945100,0.0,0.0
2022-01-28 00:00:00+07:00,7800.0,7825.0,7700.0,7775.0,7478.3818359375,70595000,0.0,0.0
2022-01-31 00:00:00+07:00,7775.0,7775.0,7625.0,7625.0,7334.10498046875,68122000,0.0,0.0
2022-02-02 00:00:00+07:00,7775.0,7800.0,7675.0,7800.0,7502.42822265625,65308100,0.0,0.0
2022-02-03 00:00:00+07:00,7800.0,7825.0,7700.0,7725.0,7430.28955078125,35100600,0.0,0.0
2022-02-04 00:00:00+07:00,7750.0,7800.0,7700.0,7725.0,7430.28955078125,39324700,0.0,0.0
2022-02-07 00:00:00+07:00,7775.0,7800.0,7700.0,7800.0,7502.42822265625,56813200,0.0,0.0
2022-02-08 00:00:00+07:00,7750.0,7850.0,7725.0,7725.0,7430.28955078125,61883100,0.0,0.0
2022-02-09 00:00:00+07:00,7850.0,7950.0,7800.0,7950.0,7646.70556640625,108922200,0.0,0.0
2022-02-10 00:00:00+07:00,7950.0,7950.0,7750.0,7750.0,7454.3359375,93277000,0.0,0.0
2022-02-11 00:00:00+07:00,7675.0,7825.0,7650.0,7825.0,7526.474609375,71968800,0.0,0.0
2022-02-14 00:00:00+07:00,7750.0,7775.0,7700.0,7700.0,7406.24365234375,57710700,0.0,0.0
2022-02-15 00:00:00+07:00,7750.0,7875.0,7725.0,7875.0,7574.56689453125,55617000,0.0,0.0
2022-02-16 00:00:00+07:00,7850.0,7975.0,7825.0,7975.0,7670.751953125,77055100,0.0,0.0
2022-02-17 00:00:00+07:00,7850.0,7925.0,7800.0,7900.0,7598.61376953125,48704600,0.0,0.0
2022-02-18 00:00:00+07:00,7950.0,7950.0,7850.0,7925.0,7622.66015625,56813400,0.0,0.0
2022-02-21 00:00:00+07:00,7925.0,7975.0,7900.0,7950.0,7646.70556640625,43821700,0.0,0.0
2022-02-22 00:00:00+07:00,7900.0,7950.0,7850.0,7900.0,7598.61376953125,80095500,0.0,0.0
2022-02-23 00:00:00+07:00,7900.0,8100.0,7875.0,8050.0,7742.890625,99240300,0.0,0.0
2022-02-24 00:00:00+07:00,8125.0,8150.0,7925.0,8000.0,7694.79833984375,124947700,0.0,0.0
2022-02-25 00:00:00+07:00,7950.0,8175.0,7925.0,8050.0,7742.890625,135899900,0.0,0.0
2022-03-01 00:00:00+07:00,8000.0,8175.0,8000.0,8050.0,7742.890625,136616800,0.0,0.0
2022-03-02 00:00:00+07:00,8225.0,8225.0,7975.0,7975.0,7670.751953125,100301000,0.0,0.0
2022-03-04 00:00:00+07:00,7975.0,8025.0,7900.0,7900.0,7598.61376953125,132983400,0.0,0.0
2022-03-07 00:00:00+07:00,7800.0,7850.0,7700.0,7700.0,7406.24365234375,130990900,0.0,0.0
2022-03-08 00:00:00+07:00,7700.0,7850.0,7650.0,7650.0,7358.15087890625,119256500,0.0,0.0
2022-03-09 00:00:00+07:00,7700.0,7950.0,7650.0,7850.0,7550.52099609375,132814500,0.0,0.0
2022-03-10 00:00:00+07:00,7925.0,7975.0,7800.0,7925.0,7622.66015625,86484000,0.0,0.0
2022-03-11 00:00:00+07:00,7725.0,7950.0,7725.0,7950.0,7646.70556640625,61053900,0.0,0.0
2022-03-14 00:00:00+07:00,8050.0,8100.0,7950.0,8075.0,7766.93701171875,78432100,0.0,0.0
2022-03-15 00:00:00+07:00,8150.0,8200.0,8075.0,8150.0,7839.076171875,111214500,0.0,0.0
2022-03-16 00:00:00+07:00,8275.0,8275.0,8075.0,8200.0,7887.16845703125,149761300,0.0,0.0
2022-03-17 00:00:00+07:00,8300.0,8300.0,8000.0,8000.0,7694.79833984375,132439400,0.0,0.0
2022-03-18 00:00:00+07:00,8000.0,8100.0,7900.0,7900.0,7598.61376953125,143981700,0.0,0.0
2022-03-21 00:00:00+07:00,7800.0,7950.0,7800.0,7900.0,7598.61376953125,85485500,0.0,0.0
2022-03-22 00:00:00+07:00,7900.0,7950.0,7875.0,7925.0,7622.66015625,60010900,0.0,0.0
2022-03-23 00:00:00+07:00,7925.0,7950.0,7825.0,7900.0,7598.61376953125,82208000,0.0,0.0
2022-03-24 00:00:00+07:00,7850.0,7950.0,7800.0,7925.0,7622.66015625,95245100,0.0,0.0
2022-03-25 00:00:00+07:00,7900.0,7950.0,7900.0,7950.0,7646.70556640625,85101200,0.0,0.0
2022-03-28 00:00:00+07:00,7825.0,7900.0,7800.0,7900.0,7715.0673828125,83911500,120.0,0.0
2022-03-29 00:00:00+07:00,7875.0,7900.0,7825.0,7850.0,7666.23779296875,62180600,0.0,0.0
2022-03-30 00:00:00+07:00,7900.0,7900.0,7825.0,7875.0,7690.65234375,71430600,0.0,0.0
2022-03-31 00:00:00+07:00,7925.0,8000.0,7875.0,7975.0,7788.3115234375,112691900,0.0,0.0
2022-04-01 00:00:00+07:00,8075.0,8075.0,7850.0,7925.0,7739.482421875,105575400,0.0,0.0
2022-04-04 00:00:00+07:00,7925.0,7925.0,7825.0,7900.0,7715.0673828125,57321200,0.0,0.0
2022-04-05 00:00:00+07:00,7900.0,7900.0,7850.0,7900.0,7715.0673828125,48528300,0.0,0.0
2022-04-06 00:00:00+07:00,7825.0,7850.0,7750.0,7750.0,7568.57861328125,119263000,0.0,0.0
2022-04-07 00:00:00+07:00,7725.0,7825.0,7700.0,7750.0,7568.57861328125,68619400,0.0,0.0
2022-04-08 00:00:00+07:00,7800.0,7875.0,7775.0,7850.0,7666.23779296875,69791600,0.0,0.0
2022-04-11 00:00:00+07:00,7825.0,7875.0,7725.0,7725.0,7544.16357421875,62776200,0.0,0.0
2022-04-12 00:00:00+07:00,7725.0,7800.0,7700.0,7800.0,7617.408203125,73471300,0.0,0.0
2022-04-13 00:00:00+07:00,7800.0,7850.0,7750.0,7800.0,7617.408203125,57622100,0.0,0.0
2022-04-14 00:00:00+07:00,7800.0,7800.0,7700.0,7700.0,7519.74951171875,93342900,0.0,0.0
2022-04-18 00:00:00+07:00,7700.0,7725.0,7625.0,7700.0,7519.74951171875,68464700,0.0,0.0
2022-04-19 00:00:00+07:00,7700.0,7700.0,7625.0,7625.0,7446.5048828125,98632000,0.0,0.0
2022-04-20 00:00:00+07:00,7725.0,7725.0,7625.0,7650.0,7470.91943359375,124388800,0.0,0.0
2022-04-21 00:00:00+07:00,7800.0,7925.0,7750.0,7925.0,7739.482421875,129323400,0.0,0.0
2022-04-22 00:00:00+07:00,7850.0,7925.0,7800.0,7875.0,7690.65234375,85956100,0.0,0.0
2022-04-25 00:00:00+07:00,7875.0,8000.0,7825.0,8000.0,7812.72607421875,91279600,0.0,0.0
2022-04-26 00:00:00+07:00,7925.0,8125.0,7925.0,8125.0,7934.80029296875,128360900,0.0,0.0
2022-04-27 00:00:00+07:00,8075.0,8200.0,8075.0,8200.0,8008.04443359375,89463100,0.0,0.0
2022-04-28 00:00:00+07:00,8250.0,8250.0,8075.0,8125.0,7934.80029296875,133730600,0.0,0.0
2022-05-09 00:00:00+07:00,7875.0,7900.0,7600.0,7600.0,7422.08984375,456796600,0.0,0.0
2022-05-10 00:00:00+07:00,7250.0,7600.0,7250.0,7525.0,7348.845703125,268445700,0.0,0.0
2022-05-11 00:00:00+07:00,7525.0,7700.0,7450.0,7650.0,7470.91943359375,156535200,0.0,0.0
2022-05-12 00:00:00+07:00,7525.0,7550.0,7275.0,7275.0,7104.69775390625,240529600,0.0,0.0
2022-05-13 00:00:00+07:00,7250.0,7475.0,7250.0,7325.0,7153.52734375,212968600,0.0,0.0
2022-05-17 00:00:00+07:00,7275.0,7475.0,7275.0,7400.0,7226.77197265625,159657600,0.0,0.0
2022-05-18 00:00:00+07:00,7500.0,7575.0,7375.0,7575.0,7397.67529296875,153514300,0.0,0.0
2022-05-19 00:00:00+07:00,7400.0,7475.0,7375.0,7450.0,7275.6015625,140908900,0.0,0.0
2022-05-20 00:00:00+07:00,7425.0,7475.0,7400.0,7400.0,7226.77197265625,86520200,0.0,0.0
2022-05-23 00:00:00+07:00,7450.0,7475.0,7350.0,7375.0,7202.35693359375,71603500,0.0,0.0
2022-05-24 00:00:00+07:00,7325.0,7475.0,7325.0,7350.0,7177.9423828125,108710800,0.0,0.0
2022-05-25 00:00:00+07:00,7400.0,7450.0,7350.0,7375.0,7202.35693359375,76747400,0.0,0.0
2022-05-27 00:00:00+07:00,7525.0,7575.0,7475.0,7575.0,7397.67529296875,84336900,0.0,0.0
2022-05-30 00:00:00+07:00,7575.0,7600.0,7475.0,7575.0,7397.67529296875,105411400,0.0,0.0
2022-05-31 00:00:00+07:00,7600.0,7750.0,7525.0,7750.0,7568.57861328125,286292700,0.0,0.0
2022-06-02 00:00:00+07:00,7625.0,7675.0,7525.0,7575.0,7397.67529296875,149226300,0.0,0.0
2022-06-03 00:00:00+07:00,7600.0,7675.0,7575.0,7600.0,7422.08984375,80563100,0.0,0.0
2022-06-06 00:00:00+07:00,7550.0,7575.0,7425.0,7450.0,7275.6015625,81140300,0.0,0.0
2022-06-07 00:00:00+07:00,7300.0,7475.0,7300.0,7375.0,7202.35693359375,129242500,0.0,0.0
2022-06-08 00:00:00+07:00,7500.0,7600.0,7425.0,7600.0,7422.08984375,108910500,0.0,0.0
2022-06-09 00:00:00+07:00,7500.0,7575.0,7500.0,7500.0,7324.4306640625,107828300,0.0,0.0
2022-06-10 00:00:00+07:00,7400.0,7450.0,7350.0,7350.0,7177.9423828125,111768600,0.0,0.0
2022-06-13 00:00:00+07:00,7300.0,7400.0,7275.0,7350.0,7177.9423828125,85539500,0.0,0.0
2022-06-14 00:00:00+07:00,7300.0,7400.0,7250.0,7400.0,7226.77197265625,80865100,0.0,0.0
2022-06-15 00:00:00+07:00,7300.0,7375.0,7300.0,7325.0,7153.52734375,130367100,0.0,0.0
2022-06-16 00:00:00+07:00,7400.0,7600.0,7375.0,7575.0,7397.67529296875,132666300,0.0,0.0
2022-06-17 00:00:00+07:00,7425.0,7550.0,7425.0,7500.0,7324.4306640625,117839400,0.0,0.0
2022-06-20 00:00:00+07:00,7600.0,7650.0,7500.0,7625.0,7446.5048828125,88138700,0.0,0.0
2022-06-21 00:00:00+07:00,7600.0,7650.0,7550.0,7650.0,7470.91943359375,44295700,0.0,0.0
2022-06-22 00:00:00+07:00,7625.0,7650.0,7500.0,7500.0,7324.4306640625,53041800,0.0,0.0
2022-06-23 00:00:00+07:00,7450.0,7575.0,7450.0,7525.0,7348.845703125,60443000,0.0,0.0
2022-06-24 00:00:00+07:00,7600.0,7600.0,7475.0,7475.0,7300.01611328125,57956600,0.0,0.0
2022-06-27 00:00:00+07:00,7475.0,7500.0,7350.0,7350.0,7177.9423828125,76354100,0.0,0.0
2022-06-28 00:00:00+07:00,7300.0,7400.0,7300.0,7300.0,7129.11279296875,146078100,0.0,0.0
2022-06-29 00:00:00+07:00,7325.0,7400.0,7275.0,7275.0,7104.69775390625,98517800,0.0,0.0
2022-06-30 00:00:00+07:00,7300.0,7400.0,7250.0,7250.0,7080.283203125,101343900,0.0,0.0
2022-07-01 00:00:00+07:00,7300.0,7325.0,7250.0,7250.0,7080.283203125,68738800,0.0,0.0
2022-07-04 00:00:00+07:00,7250.0,7275.0,7000.0,7050.0,6884.96484375,102238600,0.0,0.0
2022-07-05 00:00:00+07:00,7100.0,7325.0,7100.0,7250.0,7080.283203125,69172900,0.0,0.0
2022-07-06 00:00:00+07:00,7300.0,7325.0,7175.0,7300.0,7129.11279296875,66801100,0.0,0.0
2022-07-07 00:00:00+07:00,7225.0,7250.0,7100.0,7100.0,6933.79443359375,86126800,0.0,0.0
2022-07-08 00:00:00+07:00,7125.0,7175.0,7075.0,7150.0,6982.6240234375,64312400,0.0,0.0
2022-07-11 00:00:00+07:00,7200.0,7200.0,7125.0,7125.0,6958.20947265625,36830800,0.0,0.0
2022-07-12 00:00:00+07:00,7175.0,7250.0,7150.0,7175.0,7007.0390625,34269000,0.0,0.0
2022-07-13 00:00:00+07:00,7100.0,7125.0,7000.0,7000.0,6836.1357421875,71988200,0.0,0.0
2022-07-14 00:00:00+07:00,7025.0,7100.0,7000.0,7025.0,6860.55029296875,83316300,0.0,0.0
2022-07-15 00:00:00+07:00,7100.0,7100.0,7000.0,7000.0,6836.1357421875,57419900,0.0,0.0
2022-07-18 00:00:00+07:00,7025.0,7150.0,7025.0,7150.0,6982.6240234375,60077700,0.0,0.0
2022-07-19 00:00:00+07:00,7100.0,7175.0,7100.0,7175.0,7007.0390625,59641000,0.0,0.0
2022-07-20 00:00:00+07:00,7200.0,7400.0,7175.0,7400.0,7226.77197265625,105792900,0.0,0.0
2022-07-21 00:00:00+07:00,7400.0,7400.0,7250.0,7400.0,7226.77197265625,64337100,0.0,0.0
2022-07-22 00:00:00+07:00,7400.0,7400.0,7300.0,7325.0,7153.52734375,38956500,0.0,0.0
2022-07-25 00:00:00+07:00,7350.0,7375.0,7300.0,7300.0,7129.11279296875,31247600,0.0,0.0
2022-07-26 00:00:00+07:00,7250.0,7375.0,7250.0,7300.0,7129.11279296875,44379900,0.0,0.0
2022-07-27 00:00:00+07:00,7325.0,7350.0,7275.0,7325.0,7153.52734375,58465500,0.0,0.0
2022-07-28 00:00:00+07:00,7375.0,7450.0,7325.0,7350.0,7177.9423828125,86909700,0.0,0.0
2022-07-29 00:00:00+07:00,7400.0,7475.0,7350.0,7350.0,7177.9423828125,131553000,0.0,0.0
2022-08-01 00:00:00+07:00,7350.0,7500.0,7350.0,7500.0,7324.4306640625,104841600,0.0,0.0
2022-08-02 00:00:00+07:00,7600.0,7625.0,7500.0,7600.0,7422.08984375,106466900,0.0,0.0
2022-08-03 00:00:00+07:00,7625.0,7625.0,7575.0,7625.0,7446.5048828125,60170600,0.0,0.0
2022-08-04 00:00:00+07:00,7675.0,7800.0,7650.0,7800.0,7617.408203125,164221000,0.0,0.0
2022-08-05 00:00:00+07:00,7825.0,7875.0,7725.0,7875.0,7690.65234375,118734200,0.0,0.0
2022-08-08 00:00:00+07:00,7875.0,7925.0,7750.0,7875.0,7690.65234375,84328900,0.0,0.0
2022-08-09 00:00:00+07:00,7875.0,7975.0,7875.0,7900.0,7715.0673828125,92875800,0.0,0.0
2022-08-10 00:00:00+07:00,7800.0,7900.0,7725.0,7900.0,7715.0673828125,104376300,0.0,0.0
2022-08-11 00:00:00+07:00,7850.0,7950.0,7825.0,7950.0,7763.896484375,73204700,0.0,0.0
2022-08-12 00:00:00+07:00,7925.0,7975.0,7850.0,7925.0,7739.482421875,59381200,0.0,0.0
2022-08-15 00:00:00+07:00,7950.0,7975.0,7900.0,7950.0,7763.896484375,81411000,0.0,0.0
2022-08-16 00:00:00+07:00,7950.0,7975.0,7850.0,7975.0,7788.3115234375,83556700,0.0,0.0
2022-08-18 00:00:00+07:00,7900.0,8025.0,7875.0,8000.0,7812.72607421875,86136900,0.0,0.0
2022-08-19 00:00:00+07:00,8050.0,8050.0,7900.0,7900.0,7715.0673828125,58194900,0.0,0.0
2022-08-22 00:00:00+07:00,7850.0,8000.0,7825.0,8000.0,7812.72607421875,97293300,0.0,0.0
2022-08-23 00:00:00+07:00,8000.0,8000.0,7900.0,7900.0,7715.0673828125,71671800,0.0,0.0
2022-08-24 00:00:00+07:00,7950.0,8025.0,7900.0,7950.0,7763.896484375,108892400,0.0,0.0
2022-08-25 00:00:00+07:00,8000.0,8100.0,7900.0,8075.0,7885.970703125,99503500,0.0,0.0
2022-08-26 00:00:00+07:00,8025.0,8125.0,8000.0,8000.0,7812.72607421875,80472400,0.0,0.0
2022-08-29 00:00:00+07:00,8000.0,8150.0,7950.0,8150.0,7959.21533203125,57762100,0.0,0.0
2022-08-30 00:00:00+07:00,8100.0,8275.0,8075.0,8175.0,7983.62939453125,124467000,0.0,0.0
2022-08-31 00:00:00+07:00,8075.0,8225.0,8050.0,8200.0,8008.04443359375,137659900,0.0,0.0
2022-09-01 00:00:00+07:00,8150.0,8250.0,8125.0,8150.0,7959.21533203125,74960800,0.0,0.0
2022-09-02 00:00:00+07:00,8150.0,8225.0,8150.0,8225.0,8032.458984375,71430600,0.0,0.0
2022-09-05 00:00:00+07:00,8225.0,8300.0,8200.0,8275.0,8081.28857421875,62906000,0.0,0.0
2022-09-06 00:00:00+07:00,8300.0,8350.0,8250.0,8275.0,8081.28857421875,67079900,0.0,0.0
2022-09-07 00:00:00+07:00,8250.0,8375.0,8250.0,8375.0,8178.9482421875,117931700,0.0,0.0
2022-09-08 00:00:00+07:00,8400.0,8500.0,8350.0,8350.0,8154.53271484375,132777400,0.0,0.0
2022-09-09 00:00:00+07:00,8500.0,8500.0,8275.0,8375.0,8178.9482421875,91234600,0.0,0.0
2022-09-12 00:00:00+07:00,8325.0,8425.0,8325.0,8375.0,8178.9482421875,52395300,0.0,0.0
2022-09-13 00:00:00+07:00,8375.0,8575.0,8375.0,8525.0,8325.4365234375,124485200,0.0,0.0
2022-09-14 00:00:00+07:00,8375.0,8650.0,8375.0,8500.0,8301.021484375,116642400,0.0,0.0
2022-09-15 00:00:00+07:00,8500.0,8875.0,8500.0,8750.0,8545.1689453125,190404800,0.0,0.0
2022-09-16 00:00:00+07:00,8700.0,8725.0,8450.0,8450.0,8252.1923828125,363127600,0.0,0.0
2022-09-19 00:00:00+07:00,8475.0,8750.0,8450.0,8650.0,8447.5107421875,102530600,0.0,0.0
2022-09-20 00:00:00+07:00,8550.0,8650.0,8550.0,8550.0,8349.8515625,89238400,0.0,0.0
2022-09-21 00:00:00+07:00,8525.0,8600.0,8425.0,8475.0,8276.607421875,90933700,0.0,0.0
2022-09-22 00:00:00+07:00,8375.0,8525.0,8375.0,8475.0,8276.607421875,61908500,0.0,0.0
2022-09-23 00:00:00+07:00,8375.0,8475.0,8375.0,8375.0,8178.9482421875,60567600,0.0,0.0
2022-09-26 00:00:00+07:00,8200.0,8500.0,8200.0,8425.0,8227.77734375,106228200,0.0,0.0
2022-09-27 00:00:00+07:00,8375.0,8450.0,8300.0,8300.0,8105.703125,89567100,0.0,0.0
2022-09-28 00:00:00+07:00,8250.0,8425.0,8250.0,8325.0,8130.11865234375,89153400,0.0,0.0
2022-09-29 00:00:00+07:00,8325.0,8450.0,8325.0,8375.0,8178.9482421875,62643700,0.0,0.0
2022-09-30 00:00:00+07:00,8375.0,8575.0,8275.0,8550.0,8349.8515625,176524800,0.0,0.0
2022-10-03 00:00:00+07:00,8450.0,8525.0,8450.0,8500.0,8301.021484375,115079600,0.0,0.0
2022-10-04 00:00:00+07:00,8525.0,8625.0,8525.0,8550.0,8349.8515625,80524500,0.0,0.0
2022-10-05 00:00:00+07:00,8525.0,8550.0,8425.0,8450.0,8252.1923828125,63788000,0.0,0.0
2022-10-06 00:00:00+07:00,8475.0,8500.0,8425.0,8425.0,8227.77734375,43967400,0.0,0.0
2022-10-07 00:00:00+07:00,8325.0,8375.0,8200.0,8200.0,8008.04443359375,112043400,0.0,0.0
2022-10-10 00:00:00+07:00,8150.0,8375.0,8125.0,8300.0,8105.703125,80238200,0.0,0.0
2022-10-11 00:00:00+07:00,8200.0,8300.0,8150.0,8250.0,8056.87451171875,64060000,0.0,0.0
2022-10-12 00:00:00+07:00,8200.0,8325.0,8175.0,8325.0,8130.11865234375,47569700,0.0,0.0
2022-10-13 00:00:00+07:00,8275.0,8375.0,8275.0,8275.0,8081.28857421875,62282800,0.0,0.0
2022-10-14 00:00:00+07:00,8300.0,8350.0,8250.0,8250.0,8056.87451171875,70642900,0.0,0.0
2022-10-17 00:00:00+07:00,8250.0,8300.0,8175.0,8250.0,8056.87451171875,56387500,0.0,0.0
2022-10-18 00:00:00+07:00,8275.0,8475.0,8250.0,8300.0,8105.703125,85665300,0.0,0.0
2022-10-19 00:00:00+07:00,8250.0,8350.0,8225.0,8275.0,8081.28857421875,66753500,0.0,0.0
2022-10-20 00:00:00+07:00,8250.0,8500.0,8250.0,8500.0,8301.021484375,91812300,0.0,0.0
2022-10-21 00:00:00+07:00,8450.0,8725.0,8450.0,8650.0,8447.5107421875,122777800,0.0,0.0
2022-10-24 00:00:00+07:00,8750.0,8900.0,8725.0,8900.0,8691.658203125,89416500,0.0,0.0
2022-10-25 00:00:00+07:00,8825.0,8875.0,8700.0,8700.0,8496.33984375,84696300,0.0,0.0
2022-10-26 00:00:00+07:00,8625.0,8650.0,8550.0,8550.0,8349.8515625,98962100,0.0,0.0
2022-10-27 00:00:00+07:00,8550.0,8700.0,8550.0,8700.0,8496.33984375,77003400,0.0,0.0
2022-10-28 00:00:00+07:00,8650.0,8750.0,8650.0,8750.0,8545.1689453125,84980600,0.0,0.0
2022-10-31 00:00:00+07:00,8850.0,8850.0,8775.0,8800.0,8593.9990234375,138922800,0.0,0.0
2022-11-01 00:00:00+07:00,9000.0,9000.0,8725.0,8800.0,8593.9990234375,118118400,0.0,0.0
2022-11-02 00:00:00+07:00,8800.0,8825.0,8725.0,8750.0,8545.1689453125,68323600,0.0,0.0
2022-11-03 00:00:00+07:00,8700.0,8825.0,8700.0,8800.0,8593.9990234375,81856300,0.0,0.0
2022-11-04 00:00:00+07:00,8775.0,8800.0,8675.0,8775.0,8569.583984375,84458300,0.0,0.0
2022-11-07 00:00:00+07:00,8725.0,8850.0,8675.0,8850.0,8642.828125,94794000,0.0,0.0
2022-11-08 00:00:00+07:00,8850.0,8875.0,8725.0,8750.0,8545.1689453125,42525500,0.0,0.0
2022-11-09 00:00:00+07:00,8675.0,8875.0,8675.0,8875.0,8667.2431640625,96599500,0.0,0.0
2022-11-10 00:00:00+07:00,8725.0,8800.0,8725.0,8800.0,8593.9990234375,89463000,0.0,0.0
2022-11-11 00:00:00+07:00,8900.0,8925.0,8825.0,8850.0,8642.828125,59597900,0.0,0.0
2022-11-14 00:00:00+07:00,8875.0,8900.0,8750.0,8750.0,8545.1689453125,49208200,0.0,0.0
2022-11-15 00:00:00+07:00,8775.0,8850.0,8750.0,8800.0,8593.9990234375,59092900,0.0,0.0
2022-11-16 00:00:00+07:00,8625.0,8675.0,8550.0,8600.0,8398.6806640625,143424800,0.0,0.0
2022-11-17 00:00:00+07:00,8625.0,8825.0,8600.0,8725.0,8520.7548828125,72679800,0.0,0.0
2022-11-18 00:00:00+07:00,8725.0,8900.0,8725.0,8825.0,8618.4140625,83556900,0.0,0.0
2022-11-21 00:00:00+07:00,8875.0,8900.0,8725.0,8725.0,8520.7548828125,35901000,0.0,0.0
2022-11-22 00:00:00+07:00,8900.0,8950.0,8850.0,8900.0,8691.658203125,84684200,0.0,0.0
2022-11-23 00:00:00+07:00,8900.0,8975.0,8875.0,8875.0,8667.2431640625,84642100,0.0,0.0
2022-11-24 00:00:00+07:00,8975.0,9000.0,8950.0,9000.0,8789.3173828125,53520800,0.0,0.0
2022-11-25 00:00:00+07:00,9000.0,9000.0,8900.0,8975.0,8764.90234375,75048300,0.0,0.0
2022-11-28 00:00:00+07:00,9050.0,9100.0,8975.0,9025.0,8813.7314453125,96209700,0.0,0.0
2022-11-29 00:00:00+07:00,8975.0,9075.0,8925.0,8975.0,8764.90234375,91562100,0.0,0.0
2022-11-30 00:00:00+07:00,8875.0,9400.0,8850.0,9300.0,9082.2939453125,644359600,0.0,0.0
2022-12-01 00:00:00+07:00,9275.0,9350.0,9000.0,9000.0,8789.3173828125,155775400,0.0,0.0
2022-12-02 00:00:00+07:00,8900.0,8975.0,8900.0,8900.0,8725.5908203125,130982100,35.0,0.0
2022-12-05 00:00:00+07:00,8800.0,8900.0,8775.0,8775.0,8603.041015625,114656300,0.0,0.0
2022-12-06 00:00:00+07:00,8725.0,8750.0,8575.0,8675.0,8505.0,180553800,0.0,0.0
2022-12-07 00:00:00+07:00,8500.0,8575.0,8450.0,8450.0,8284.4091796875,229308700,0.0,0.0
2022-12-08 00:00:00+07:00,8375.0,8575.0,8350.0,8500.0,8333.4296875,172590100,0.0,0.0
2022-12-09 00:00:00+07:00,8500.0,8600.0,8450.0,8575.0,8406.9599609375,90851300,0.0,0.0
2022-12-12 00:00:00+07:00,8525.0,8700.0,8475.0,8700.0,8529.5107421875,102851800,0.0,0.0
2022-12-13 00:00:00+07:00,8625.0,8700.0,8550.0,8700.0,8529.5107421875,104580200,0.0,0.0
2022-12-14 00:00:00+07:00,8600.0,8700.0,8525.0,8625.0,8455.98046875,118164300,0.0,0.0
2022-12-15 00:00:00+07:00,8575.0,8600.0,8500.0,8500.0,8333.4296875,113255700,0.0,0.0
2022-12-16 00:00:00+07:00,8425.0,8650.0,8400.0,8600.0,8431.4697265625,181516700,0.0,0.0
2022-12-19 00:00:00+07:00,8650.0,8700.0,8600.0,8650.0,8480.490234375,67482900,0.0,0.0
2022-12-20 00:00:00+07:00,8550.0,8650.0,8550.0,8575.0,8406.9599609375,41243700,0.0,0.0
2022-12-21 00:00:00+07:00,8600.0,8700.0,8575.0,8675.0,8505.0,33617700,0.0,0.0
2022-12-22 00:00:00+07:00,8650.0,8675.0,8575.0,8575.0,8406.9599609375,59591500,0.0,0.0
2022-12-23 00:00:00+07:00,8525.0,8575.0,8500.0,8500.0,8333.4296875,47393000,0.0,0.0
2022-12-26 00:00:00+07:00,8500.0,8625.0,8500.0,8575.0,8406.9599609375,20495900,0.0,0.0
2022-12-27 00:00:00+07:00,8600.0,8650.0,8575.0,8600.0,8431.4697265625,27193800,0.0,0.0
2022-12-28 00:00:00+07:00,8650.0,8650.0,8550.0,8650.0,8480.490234375,40420200,0.0,0.0
2022-12-29 00:00:00+07:00,8525.0,8600.0,8500.0,8575.0,8406.9599609375,47020900,0.0,0.0
2022-12-30 00:00:00+07:00,8575.0,8650.0,8550.0,8550.0,8382.4501953125,44681400,0.0,0.0
2023-01-02 00:00:00+07:00,8575.0,8600.0,8500.0,8550.0,8382.4501953125,10653900,0.0,0.0
2023-01-03 00:00:00+07:00,8550.0,8600.0,8525.0,8550.0,8382.4501953125,27399100,0.0,0.0
2023-01-04 00:00:00+07:00,8525.0,8575.0,8350.0,8350.0,8186.369140625,90918800,0.0,0.0
2023-01-05 00:00:00+07:00,8350.0,8375.0,8150.0,8250.0,8088.32861328125,128838500,0.0,0.0
2023-01-06 00:00:00+07:00,8100.0,8325.0,8100.0,8300.0,8137.34912109375,69286600,0.0,0.0
2023-01-09 00:00:00+07:00,8325.0,8450.0,8325.0,8450.0,8284.4091796875,86916900,0.0,0.0
2023-01-10 00:00:00+07:00,8400.0,8425.0,8150.0,8175.0,8014.79833984375,101759100,0.0,0.0
2023-01-11 00:00:00+07:00,8050.0,8150.0,8000.0,8125.0,7965.7783203125,96069100,0.0,0.0
2023-01-12 00:00:00+07:00,8150.0,8275.0,8125.0,8175.0,8014.79833984375,103804600,0.0,0.0
2023-01-13 00:00:00+07:00,8150.0,8175.0,8025.0,8050.0,7892.248046875,119748200,0.0,0.0
2023-01-16 00:00:00+07:00,8050.0,8200.0,8050.0,8150.0,7990.28857421875,105710700,0.0,0.0
2023-01-17 00:00:00+07:00,8175.0,8375.0,8150.0,8325.0,8161.85888671875,88695900,0.0,0.0
2023-01-18 00:00:00+07:00,8200.0,8325.0,8175.0,8300.0,8137.34912109375,96814600,0.0,0.0
2023-01-19 00:00:00+07:00,8350.0,8350.0,8250.0,8325.0,8161.85888671875,66391800,0.0,0.0
2023-01-20 00:00:00+07:00,8275.0,8325.0,8250.0,8300.0,8137.34912109375,96859500,0.0,0.0
2023-01-24 00:00:00+07:00,8300.0,8350.0,8225.0,8225.0,8063.81884765625,42474500,0.0,0.0
2023-01-25 00:00:00+07:00,8300.0,8300.0,8200.0,8200.0,8039.30859375,66124500,0.0,0.0
2023-01-26 00:00:00+07:00,8225.0,8475.0,8225.0,8475.0,8308.919921875,77582300,0.0,0.0
2023-01-27 00:00:00+07:00,8700.0,8850.0,8550.0,8700.0,8529.5107421875,196804700,0.0,0.0
2023-01-30 00:00:00+07:00,8725.0,8775.0,8575.0,8700.0,8529.5107421875,68544300,0.0,0.0
2023-01-31 00:00:00+07:00,8625.0,8675.0,8475.0,8475.0,8308.919921875,200589000,0.0,0.0
2023-02-01 00:00:00+07:00,8575.0,8575.0,8450.0,8500.0,8333.4296875,77396200,0.0,0.0
2023-02-02 00:00:00+07:00,8425.0,8525.0,8400.0,8450.0,8284.4091796875,99109500,0.0,0.0
2023-02-03 00:00:00+07:00,8550.0,8700.0,8500.0,8700.0,8529.5107421875,71716700,0.0,0.0
2023-02-06 00:00:00+07:00,8750.0,8750.0,8650.0,8725.0,8554.0205078125,117757700,0.0,0.0
2023-02-07 00:00:00+07:00,8775.0,8850.0,8750.0,8850.0,8676.5712890625,116014700,0.0,0.0
2023-02-08 00:00:00+07:00,8825.0,8850.0,8800.0,8825.0,8652.060546875,54495500,0.0,0.0
2023-02-09 00:00:00+07:00,8825.0,8900.0,8800.0,8900.0,8725.5908203125,72381700,0.0,0.0
2023-02-10 00:00:00+07:00,8875.0,8900.0,8700.0,8825.0,8652.060546875,62060900,0.0,0.0
2023-02-13 00:00:00+07:00,8875.0,8900.0,8775.0,8875.0,8701.0810546875,63775000,0.0,0.0
2023-02-14 00:00:00+07:00,8850.0,8950.0,8825.0,8950.0,8774.611328125,81678200,0.0,0.0
2023-02-15 00:00:00+07:00,8875.0,8900.0,8750.0,8875.0,8701.0810546875,38037000,0.0,0.0
2023-02-16 00:00:00+07:00,8825.0,8850.0,8700.0,8700.0,8529.5107421875,66040400,0.0,0.0
2023-02-17 00:00:00+07:00,8775.0,8850.0,8725.0,8725.0,8554.0205078125,43588900,0.0,0.0
2023-02-20 00:00:00+07:00,8725.0,8825.0,8700.0,8750.0,8578.5302734375,40077000,0.0,0.0
2023-02-21 00:00:00+07:00,8775.0,8800.0,8700.0,8700.0,8529.5107421875,25390500,0.0,0.0
2023-02-22 00:00:00+07:00,8700.0,8750.0,8625.0,8675.0,8505.0,38671900,0.0,0.0
2023-02-23 00:00:00+07:00,8625.0,8750.0,8625.0,8725.0,8554.0205078125,53412300,0.0,0.0
2023-02-24 00:00:00+07:00,8775.0,8850.0,8675.0,8675.0,8505.0,44123400,0.0,0.0
2023-02-27 00:00:00+07:00,8675.0,8775.0,8650.0,8775.0,8603.041015625,59983900,0.0,0.0
2023-02-28 00:00:00+07:00,8775.0,8775.0,8675.0,8750.0,8578.5302734375,106349400,0.0,0.0
2023-03-01 00:00:00+07:00,8725.0,8750.0,8600.0,8600.0,8431.4697265625,67034700,0.0,0.0
2023-03-02 00:00:00+07:00,8600.0,8700.0,8600.0,8625.0,8455.98046875,56672000,0.0,0.0
2023-03-03 00:00:00+07:00,8650.0,8675.0,8475.0,8475.0,8308.919921875,95376900,0.0,0.0
2023-03-06 00:00:00+07:00,8550.0,8550.0,8400.0,8400.0,8235.3896484375,92652000,0.0,0.0
2023-03-07 00:00:00+07:00,8350.0,8475.0,8350.0,8425.0,8259.8994140625,106115600,0.0,0.0
2023-03-08 00:00:00+07:00,8400.0,8575.0,8400.0,8575.0,8406.9599609375,79350900,0.0,0.0
2023-03-09 00:00:00+07:00,8650.0,8650.0,8550.0,8575.0,8406.9599609375,54201400,0.0,0.0
2023-03-10 00:00:00+07:00,8500.0,8550.0,8450.0,8450.0,8284.4091796875,59580100,0.0,0.0
2023-03-13 00:00:00+07:00,8450.0,8625.0,8450.0,8550.0,8382.4501953125,82077700,0.0,0.0
2023-03-14 00:00:00+07:00,8425.0,8475.0,8325.0,8325.0,8161.85888671875,90495300,0.0,0.0
2023-03-15 00:00:00+07:00,8450.0,8475.0,8325.0,8325.0,8161.85888671875,86747400,0.0,0.0
2023-03-16 00:00:00+07:00,8300.0,8350.0,8250.0,8300.0,8137.34912109375,105894000,0.0,0.0
2023-03-17 00:00:00+07:00,8375.0,8450.0,8325.0,8375.0,8210.87890625,198558600,0.0,0.0
2023-03-20 00:00:00+07:00,8400.0,8475.0,8375.0,8400.0,8235.3896484375,37277900,0.0,0.0
2023-03-21 00:00:00+07:00,8400.0,8500.0,8375.0,8500.0,8333.4296875,91617400,0.0,0.0
2023-03-24 00:00:00+07:00,8700.0,8825.0,8625.0,8825.0,8652.060546875,145603600,0.0,0.0
2023-03-27 00:00:00+07:00,8825.0,8825.0,8700.0,8700.0,8529.5107421875,110692800,0.0,0.0
2023-03-28 00:00:00+07:00,8800.0,8800.0,8675.0,8675.0,8505.0,98296600,0.0,0.0
2023-03-29 00:00:00+07:00,8675.0,8800.0,8625.0,8800.0,8800.0,101068200,170.0,0.0
2023-03-30 00:00:00+07:00,8900.0,8900.0,8800.0,8825.0,8825.0,118912100,0.0,0.0
2023-03-31 00:00:00+07:00,8825.0,8850.0,8725.0,8750.0,8750.0,97146900,0.0,0.0
2023-04-03 00:00:00+07:00,8825.0,8825.0,8750.0,8800.0,8800.0,60288900,0.0,0.0
2023-04-04 00:00:00+07:00,8825.0,8825.0,8650.0,8775.0,8775.0,60975800,0.0,0.0
2023-04-05 00:00:00+07:00,8775.0,8800.0,8725.0,8775.0,8775.0,16806800,0.0,0.0
